ID,수요량
TEST_0000,192.64229
TEST_0001,6.64128
TEST_0002,210.24161
TEST_0003,188.97083
TEST_0004,247.46765
TEST_0005,244.03993
TEST_0006,323.46643
TEST_0007,686.0317
TEST_0008,190.80632
TEST_0009,461.46533
TEST_0010,145.7396
TEST_0011,112.37156
TEST_0012,180.86223
TEST_0013,190.58958
TEST_0014,136.05605
TEST_0015,42.873028
TEST_0016,50.294327
TEST_0017,227.4311
TEST_0018,207.71709
TEST_0019,44.037277
TEST_0020,96.36235
TEST_0021,112.804085
TEST_0022,54.523327
TEST_0023,54.10108
TEST_0024,343.69113
TEST_0025,33.910797
TEST_0026,403.47623
TEST_0027,548.1222
TEST_0028,863.7441
TEST_0029,428.07214
TEST_0030,315.69058
TEST_0031,300.7309
TEST_0032,76.08546
TEST_0033,218.45738
TEST_0034,396.77127
TEST_0035,1148.848
TEST_0036,456.29962
TEST_0037,589.68884
TEST_0038,112.71719
TEST_0039,337.52612
TEST_0040,141.52187
TEST_0041,38.38766
TEST_0042,365.27347
TEST_0043,108.45337
TEST_0044,821.4119
TEST_0045,210.19302
TEST_0046,776.751
TEST_0047,185.2517
TEST_0048,537.1518
TEST_0049,39.996086
TEST_0050,117.104324
TEST_0051,686.1224
TEST_0052,65.741455
TEST_0053,193.62677
TEST_0054,253.50235
TEST_0055,788.6825
TEST_0056,36.01831
TEST_0057,143.77103
TEST_0058,281.97894
TEST_0059,1502.0339
TEST_0060,366.80725
TEST_0061,662.0612
TEST_0062,149.56828
TEST_0063,352.61945
TEST_0064,298.89462
TEST_0065,702.64954
TEST_0066,240.28896
TEST_0067,172.2996
TEST_0068,592.303
TEST_0069,376.0223
TEST_0070,235.23921
TEST_0071,73.72368
TEST_0072,48.312954
TEST_0073,218.42792
TEST_0074,63.6091
TEST_0075,317.81992
TEST_0076,95.08629
TEST_0077,320.53983
TEST_0078,255.8477
TEST_0079,275.6825
TEST_0080,241.06555
TEST_0081,731.264
TEST_0082,56.218086
TEST_0083,416.62607
TEST_0084,47.19946
TEST_0085,24.934761
TEST_0086,234.39539
TEST_0087,106.67782
TEST_0088,146.8366
TEST_0089,60.354298
TEST_0090,42.873028
TEST_0091,427.34488
TEST_0092,331.41577
TEST_0093,275.88882
TEST_0094,258.77393
TEST_0095,264.49866
TEST_0096,423.31195
TEST_0097,76.06685
TEST_0098,323.19382
TEST_0099,614.26
TEST_0100,71.43136
TEST_0101,259.74667
TEST_0102,46.34161
TEST_0103,383.86908
TEST_0104,204.05235
TEST_0105,47.14425
TEST_0106,176.90584
TEST_0107,453.3594
TEST_0108,184.47153
TEST_0109,174.72728
TEST_0110,89.74926
TEST_0111,56.218086
TEST_0112,170.56398
TEST_0113,447.9943
TEST_0114,82.39451
TEST_0115,489.00848
TEST_0116,533.071
TEST_0117,75.8638
TEST_0118,331.55862
TEST_0119,178.69466
TEST_0120,224.9402
TEST_0121,167.64536
TEST_0122,322.402
TEST_0123,126.031105
TEST_0124,435.37558
TEST_0125,151.43529
TEST_0126,100.75017
TEST_0127,174.22807
TEST_0128,268.3445
TEST_0129,418.02097
TEST_0130,405.68658
TEST_0131,64.08329
TEST_0132,291.6081
TEST_0133,245.1346
TEST_0134,178.92233
TEST_0135,404.21835
TEST_0136,50.980225
TEST_0137,-28.94938
TEST_0138,89.817505
TEST_0139,251.7779
TEST_0140,713.2274
TEST_0141,200.95091
TEST_0142,983.4309
TEST_0143,76.6377
TEST_0144,220.0747
TEST_0145,352.2785
TEST_0146,36.742092
TEST_0147,401.22003
TEST_0148,822.4164
TEST_0149,163.7016
TEST_0150,63.99826
TEST_0151,395.71182
TEST_0152,31.528728
TEST_0153,76.06685
TEST_0154,96.39958
TEST_0155,196.97165
TEST_0156,24.398626
TEST_0157,88.72526
TEST_0158,388.18475
TEST_0159,68.817406
TEST_0160,226.62283
TEST_0161,171.03685
TEST_0162,134.05911
TEST_0163,98.58778
TEST_0164,219.30476
TEST_0165,100.77006
TEST_0166,296.33737
TEST_0167,60.697937
TEST_0168,65.927826
TEST_0169,213.1528
TEST_0170,101.173874
TEST_0171,1282.6947
TEST_0172,208.29512
TEST_0173,236.0808
TEST_0174,272.69388
TEST_0175,319.7754
TEST_0176,415.55872
TEST_0177,63.89785
TEST_0178,143.20892
TEST_0179,422.1536
TEST_0180,129.95018
TEST_0181,186.14386
TEST_0182,465.1498
TEST_0183,37.266956
TEST_0184,218.42792
TEST_0185,158.01248
TEST_0186,590.689
TEST_0187,171.82733
TEST_0188,291.72754
TEST_0189,149.16766
TEST_0190,122.69698
TEST_0191,24.301548
TEST_0192,541.0556
TEST_0193,43.169083
TEST_0194,2216.4868
TEST_0195,50.008232
TEST_0196,38.08033
TEST_0197,43.169083
TEST_0198,193.01437
TEST_0199,253.60236
TEST_0200,357.5111
TEST_0201,48.90731
TEST_0202,63.89785
TEST_0203,265.84717
TEST_0204,69.34453
TEST_0205,152.41965
TEST_0206,390.35135
TEST_0207,112.390526
TEST_0208,335.35883
TEST_0209,48.713943
TEST_0210,48.382446
TEST_0211,161.09656
TEST_0212,454.7076
TEST_0213,334.19897
TEST_0214,419.9645
TEST_0215,72.87161
TEST_0216,283.1641
TEST_0217,129.81224
TEST_0218,19.405855
TEST_0219,393.09274
TEST_0220,581.60455
TEST_0221,712.64526
TEST_0222,179.34724
TEST_0223,155.53362
TEST_0224,228.37773
TEST_0225,202.09216
TEST_0226,128.33862
TEST_0227,238.53883
TEST_0228,-11.043178
TEST_0229,332.768
TEST_0230,145.88087
TEST_0231,596.2836
TEST_0232,80.13394
TEST_0233,371.2308
TEST_0234,268.87198
TEST_0235,158.21172
TEST_0236,50.86121
TEST_0237,142.71974
TEST_0238,141.5405
TEST_0239,54.008774
TEST_0240,61.523685
TEST_0241,111.84543
TEST_0242,1080.7805
TEST_0243,290.60904
TEST_0244,420.9904
TEST_0245,195.64325
TEST_0246,156.005
TEST_0247,37.804688
TEST_0248,376.47284
TEST_0249,96.98796
TEST_0250,24.36558
TEST_0251,394.8891
TEST_0252,213.52335
TEST_0253,50.008232
TEST_0254,367.8286
TEST_0255,851.88983
TEST_0256,112.390526
TEST_0257,905.75525
TEST_0258,213.90483
TEST_0259,273.77966
TEST_0260,43.169083
TEST_0261,377.74835
TEST_0262,598.25903
TEST_0263,126.27877
TEST_0264,179.16597
TEST_0265,57.945995
TEST_0266,549.5799
TEST_0267,245.1346
TEST_0268,44.071175
TEST_0269,356.8871
TEST_0270,374.30246
TEST_0271,179.29002
TEST_0272,76.63028
TEST_0273,187.8157
TEST_0274,108.50449
TEST_0275,104.133545
TEST_0276,179.54628
TEST_0277,198.5672
TEST_0278,60.354298
TEST_0279,404.21835
TEST_0280,121.99284
TEST_0281,41.22266
TEST_0282,179.8121
TEST_0283,213.04874
TEST_0284,192.21109
TEST_0285,75.62866
TEST_0286,267.0191
TEST_0287,27.033419
TEST_0288,185.3897
TEST_0289,112.390526
TEST_0290,387.78427
TEST_0291,39.034348
TEST_0292,208.338
TEST_0293,173.80011
TEST_0294,52.257484
TEST_0295,234.39539
TEST_0296,18.990538
TEST_0297,110.4651
TEST_0298,769.46594
TEST_0299,241.98216
TEST_0300,72.76491
TEST_0301,176.60385
TEST_0302,388.63687
TEST_0303,176.23825
TEST_0304,327.3339
TEST_0305,335.6975
TEST_0306,151.13988
TEST_0307,61.182312
TEST_0308,311.8193
TEST_0309,433.22662
TEST_0310,116.80588
TEST_0311,54.523327
TEST_0312,159.82353
TEST_0313,147.39548
TEST_0314,75.8638
TEST_0315,97.70007
TEST_0316,225.41504
TEST_0317,125.21376
TEST_0318,319.56076
TEST_0319,177.64786
TEST_0320,45.181114
TEST_0321,35.169884
TEST_0322,136.25037
TEST_0323,207.00188
TEST_0324,85.36404
TEST_0325,322.87018
TEST_0326,925.01843
TEST_0327,238.28105
TEST_0328,253.53615
TEST_0329,112.95795
TEST_0330,83.075356
TEST_0331,261.74396
TEST_0332,161.27216
TEST_0333,91.01907
TEST_0334,216.59575
TEST_0335,148.31581
TEST_0336,423.2584
TEST_0337,42.82202
TEST_0338,240.53021
TEST_0339,109.9722
TEST_0340,78.439186
TEST_0341,331.30072
TEST_0342,232.9718
TEST_0343,112.3784
TEST_0344,38.653988
TEST_0345,107.687935
TEST_0346,185.37006
TEST_0347,140.40887
TEST_0348,269.4508
TEST_0349,226.19426
TEST_0350,259.5483
TEST_0351,256.92554
TEST_0352,157.70474
TEST_0353,505.022
TEST_0354,56.218086
TEST_0355,294.9926
TEST_0356,57.665844
TEST_0357,78.439186
TEST_0358,344.63882
TEST_0359,238.53883
TEST_0360,63.13821
TEST_0361,613.95667
TEST_0362,103.90404
TEST_0363,94.025955
TEST_0364,352.88425
TEST_0365,120.53015
TEST_0366,97.01259
TEST_0367,355.35226
TEST_0368,369.43732
TEST_0369,121.99284
TEST_0370,62.91402
TEST_0371,194.9097
TEST_0372,291.9882
TEST_0373,343.74716
TEST_0374,200.34306
TEST_0375,434.1027
TEST_0376,76.06685
TEST_0377,122.69698
TEST_0378,93.351776
TEST_0379,183.264
TEST_0380,49.976284
TEST_0381,180.75284
TEST_0382,370.67282
TEST_0383,26.407578
TEST_0384,76.06685
TEST_0385,155.34425
TEST_0386,373.88962
TEST_0387,88.72526
TEST_0388,458.84848
TEST_0389,63.13821
TEST_0390,49.353428
TEST_0391,72.87161
TEST_0392,35.48244
TEST_0393,307.36072
TEST_0394,167.90593
TEST_0395,123.31332
TEST_0396,52.257484
TEST_0397,320.13907
TEST_0398,245.10573
TEST_0399,246.26512
TEST_0400,51.053127
TEST_0401,111.94575
TEST_0402,47.843056
TEST_0403,63.89785
TEST_0404,196.46947
TEST_0405,89.8961
TEST_0406,212.66806
TEST_0407,25.812996
TEST_0408,58.83982
TEST_0409,82.89915
TEST_0410,64.42649
TEST_0411,218.01608
TEST_0412,233.80006
TEST_0413,422.57114
TEST_0414,15.045991
TEST_0415,435.5165
TEST_0416,220.0747
TEST_0417,218.97545
TEST_0418,107.62335
TEST_0419,76.06685
TEST_0420,42.882973
TEST_0421,192.64229
TEST_0422,704.2941
TEST_0423,107.26202
TEST_0424,528.9999
TEST_0425,219.40405
TEST_0426,104.3934
TEST_0427,468.94614
TEST_0428,335.35883
TEST_0429,161.15569
TEST_0430,191.13531
TEST_0431,186.97612
TEST_0432,266.77884
TEST_0433,343.74716
TEST_0434,619.54877
TEST_0435,955.25665
TEST_0436,84.81095
TEST_0437,231.15686
TEST_0438,281.12274
TEST_0439,343.84238
TEST_0440,328.14532
TEST_0441,187.22455
TEST_0442,52.048763
TEST_0443,195.36658
TEST_0444,148.92696
TEST_0445,115.586685
TEST_0446,83.236534
TEST_0447,456.17203
TEST_0448,54.130848
TEST_0449,533.4519
TEST_0450,360.8405
TEST_0451,221.27904
TEST_0452,219.86052
TEST_0453,380.23206
TEST_0454,97.93572
TEST_0455,187.66287
TEST_0456,366.6878
TEST_0457,180.23024
TEST_0458,638.83093
TEST_0459,671.051
TEST_0460,1064.6619
TEST_0461,342.01343
TEST_0462,56.563553
TEST_0463,185.86842
TEST_0464,851.188
TEST_0465,34.68675
TEST_0466,344.17874
TEST_0467,425.8242
TEST_0468,296.3262
TEST_0469,1073.2029
TEST_0470,244.55615
TEST_0471,43.169083
TEST_0472,141.04996
TEST_0473,772.9471
TEST_0474,870.2556
TEST_0475,355.0198
TEST_0476,232.34387
TEST_0477,215.2367
TEST_0478,263.82782
TEST_0479,868.5127
TEST_0480,526.8417
TEST_0481,122.69698
TEST_0482,82.093636
TEST_0483,416.14664
TEST_0484,648.70416
TEST_0485,90.61075
TEST_0486,689.9283
TEST_0487,46.630833
TEST_0488,27.033419
TEST_0489,182.02162
TEST_0490,53.489494
TEST_0491,55.59404
TEST_0492,93.31058
TEST_0493,78.439186
TEST_0494,406.74124
TEST_0495,79.06493
TEST_0496,33.285652
TEST_0497,61.462673
TEST_0498,835.7769
TEST_0499,72.87161
TEST_0500,288.92505
TEST_0501,188.02136
TEST_0502,465.1498
TEST_0503,42.36842
TEST_0504,331.66165
TEST_0505,219.81325
TEST_0506,192.60408
TEST_0507,56.942207
TEST_0508,651.40247
TEST_0509,365.88235
TEST_0510,174.10529
TEST_0511,22.951557
TEST_0512,165.7552
TEST_0513,133.59258
TEST_0514,108.45337
TEST_0515,107.11718
TEST_0516,79.66512
TEST_0517,103.72512
TEST_0518,126.320625
TEST_0519,61.69735
TEST_0520,717.83514
TEST_0521,192.27159
TEST_0522,267.16666
TEST_0523,332.7899
TEST_0524,351.89584
TEST_0525,241.71605
TEST_0526,321.00052
TEST_0527,32.771645
TEST_0528,179.54628
TEST_0529,61.182312
TEST_0530,174.17088
TEST_0531,387.66483
TEST_0532,138.71413
TEST_0533,485.36057
TEST_0534,441.1156
TEST_0535,336.73547
TEST_0536,218.42792
TEST_0537,-29.47074
TEST_0538,105.8328
TEST_0539,204.09709
TEST_0540,543.232
TEST_0541,1089.2389
TEST_0542,88.054504
TEST_0543,39.17773
TEST_0544,1203.7065
TEST_0545,167.02715
TEST_0546,772.51495
TEST_0547,38.38766
TEST_0548,803.40045
TEST_0549,181.00194
TEST_0550,182.02162
TEST_0551,391.10855
TEST_0552,48.90731
TEST_0553,366.80725
TEST_0554,399.29654
TEST_0555,102.77514
TEST_0556,400.6487
TEST_0557,434.2883
TEST_0558,75.796616
TEST_0559,93.6705
TEST_0560,96.62377
TEST_0561,335.23938
TEST_0562,206.78757
TEST_0563,845.9418
TEST_0564,99.46599
TEST_0565,54.601284
TEST_0566,655.1222
TEST_0567,650.18884
TEST_0568,33.655804
TEST_0569,543.9504
TEST_0570,807.22925
TEST_0571,198.72957
TEST_0572,54.523327
TEST_0573,535.6665
TEST_0574,207.1032
TEST_0575,882.4876
TEST_0576,528.02423
TEST_0577,38.653988
TEST_0578,75.363754
TEST_0579,449.98566
TEST_0580,54.168034
TEST_0581,32.439472
TEST_0582,24.301548
TEST_0583,105.30547
TEST_0584,526.03973
TEST_0585,93.408745
TEST_0586,182.02162
TEST_0587,165.28378
TEST_0588,247.46765
TEST_0589,583.4972
TEST_0590,620.4448
TEST_0591,184.24423
TEST_0592,85.194855
TEST_0593,182.02162
TEST_0594,68.73729
TEST_0595,175.05728
TEST_0596,158.84016
TEST_0597,173.64043
TEST_0598,54.523327
TEST_0599,192.64229
TEST_0600,199.85776
TEST_0601,213.1528
TEST_0602,105.30547
TEST_0603,54.008774
TEST_0604,365.27347
TEST_0605,88.64183
TEST_0606,937.20514
TEST_0607,979.5978
TEST_0608,294.73962
TEST_0609,441.8094
TEST_0610,36.967537
TEST_0611,57.945995
TEST_0612,54.130848
TEST_0613,54.83286
TEST_0614,375.82666
TEST_0615,52.576572
TEST_0616,75.72365
TEST_0617,66.05384
TEST_0618,278.59082
TEST_0619,61.64857
TEST_0620,67.46597
TEST_0621,116.302536
TEST_0622,273.44318
TEST_0623,315.46768
TEST_0624,261.51587
TEST_0625,78.17715
TEST_0626,465.75067
TEST_0627,300.93445
TEST_0628,389.97003
TEST_0629,663.8075
TEST_0630,181.00194
TEST_0631,393.04382
TEST_0632,194.47821
TEST_0633,32.41902
TEST_0634,54.523327
TEST_0635,156.81607
TEST_0636,112.586525
TEST_0637,146.08292
TEST_0638,242.83894
TEST_0639,316.09424
TEST_0640,232.59065
TEST_0641,116.03899
TEST_0642,259.6957
TEST_0643,1108.1388
TEST_0644,164.30188
TEST_0645,204.72554
TEST_0646,43.169083
TEST_0647,90.857635
TEST_0648,37.713074
TEST_0649,625.81976
TEST_0650,983.78705
TEST_0651,147.53415
TEST_0652,210.36992
TEST_0653,264.78522
TEST_0654,470.5094
TEST_0655,444.16632
TEST_0656,831.76215
TEST_0657,49.41191
TEST_0658,13.597134
TEST_0659,520.41895
TEST_0660,761.05597
TEST_0661,241.57437
TEST_0662,1250.4706
TEST_0663,107.687935
TEST_0664,200.63834
TEST_0665,182.02162
TEST_0666,107.26202
TEST_0667,223.66534
TEST_0668,332.86343
TEST_0669,691.96423
TEST_0670,393.83624
TEST_0671,254.97333
TEST_0672,218.42792
TEST_0673,264.53027
TEST_0674,795.9039
TEST_0675,477.66757
TEST_0676,76.49256
TEST_0677,130.56818
TEST_0678,247.46765
TEST_0679,66.79883
TEST_0680,795.26605
TEST_0681,235.18999
TEST_0682,240.9548
TEST_0683,1099.4104
TEST_0684,76.55627
TEST_0685,265.0138
TEST_0686,183.84564
TEST_0687,89.12608
TEST_0688,86.290695
TEST_0689,96.62377
TEST_0690,43.450153
TEST_0691,107.105034
TEST_0692,882.4876
TEST_0693,121.295685
TEST_0694,160.88675
TEST_0695,37.163174
TEST_0696,308.02417
TEST_0697,414.4616
TEST_0698,260.83398
TEST_0699,446.38577
TEST_0700,164.98477
TEST_0701,104.66668
TEST_0702,61.69735
TEST_0703,21.003853
TEST_0704,26.407578
TEST_0705,179.54628
TEST_0706,68.73729
TEST_0707,338.1111
TEST_0708,235.53513
TEST_0709,195.6984
TEST_0710,174.22807
TEST_0711,2080.1726
TEST_0712,196.77614
TEST_0713,693.5283
TEST_0714,335.23938
TEST_0715,93.88283
TEST_0716,31.528728
TEST_0717,68.78488
TEST_0718,245.20915
TEST_0719,1129.5126
TEST_0720,208.10251
TEST_0721,235.4567
TEST_0722,150.11584
TEST_0723,52.87662
TEST_0724,230.46419
TEST_0725,140.40887
TEST_0726,440.9274
TEST_0727,769.1585
TEST_0728,31.528728
TEST_0729,127.50745
TEST_0730,179.8121
TEST_0731,327.09793
TEST_0732,475.19574
TEST_0733,71.50766
TEST_0734,390.1642
TEST_0735,179.54628
TEST_0736,294.33502
TEST_0737,241.07588
TEST_0738,1170.5465
TEST_0739,355.26874
TEST_0740,309.07635
TEST_0741,54.523327
TEST_0742,43.499508
TEST_0743,54.008774
TEST_0744,391.10855
TEST_0745,235.92662
TEST_0746,89.26649
TEST_0747,732.25836
TEST_0748,206.78757
TEST_0749,463.52835
TEST_0750,186.69765
TEST_0751,515.95844
TEST_0752,1074.3567
TEST_0753,63.89785
TEST_0754,158.27242
TEST_0755,278.8299
TEST_0756,458.58688
TEST_0757,344.5038
TEST_0758,174.28914
TEST_0759,46.015583
TEST_0760,315.12534
TEST_0761,20.22242
TEST_0762,559.4811
TEST_0763,152.41965
TEST_0764,832.0555
TEST_0765,214.25694
TEST_0766,669.1071
TEST_0767,273.54178
TEST_0768,153.46686
TEST_0769,184.35751
TEST_0770,236.52707
TEST_0771,15.909311
TEST_0772,80.98336
TEST_0773,106.38457
TEST_0774,257.65515
TEST_0775,174.72728
TEST_0776,428.06656
TEST_0777,200.34306
TEST_0778,457.68277
TEST_0779,159.80516
TEST_0780,41.40835
TEST_0781,376.87534
TEST_0782,191.062
TEST_0783,389.9719
TEST_0784,293.45874
TEST_0785,61.523685
TEST_0786,93.51112
TEST_0787,36.01831
TEST_0788,281.84607
TEST_0789,261.10187
TEST_0790,204.29562
TEST_0791,154.97562
TEST_0792,860.164
TEST_0793,67.30344
TEST_0794,218.05714
TEST_0795,201.72346
TEST_0796,42.82202
TEST_0797,96.25071
TEST_0798,102.78243
TEST_0799,90.93188
TEST_0800,88.72526
TEST_0801,56.218086
TEST_0802,383.51083
TEST_0803,58.2712
TEST_0804,389.97003
TEST_0805,75.759125
TEST_0806,57.60273
TEST_0807,775.5058
TEST_0808,1486.2606
TEST_0809,36.742092
TEST_0810,465.0404
TEST_0811,35.652924
TEST_0812,54.523327
TEST_0813,187.8157
TEST_0814,92.54664
TEST_0815,63.89785
TEST_0816,396.03226
TEST_0817,50.008232
TEST_0818,179.54628
TEST_0819,168.64511
TEST_0820,669.16064
TEST_0821,68.88425
TEST_0822,186.11978
TEST_0823,60.562813
TEST_0824,31.528728
TEST_0825,66.79883
TEST_0826,422.1536
TEST_0827,149.19717
TEST_0828,73.513176
TEST_0829,619.76294
TEST_0830,921.98987
TEST_0831,191.3022
TEST_0832,57.332474
TEST_0833,335.35883
TEST_0834,45.55115
TEST_0835,273.22308
TEST_0836,574.478
TEST_0837,42.82202
TEST_0838,44.071175
TEST_0839,240.84735
TEST_0840,130.9127
TEST_0841,192.64229
TEST_0842,119.063705
TEST_0843,416.75607
TEST_0844,49.057564
TEST_0845,183.50107
TEST_0846,631.80554
TEST_0847,211.99344
TEST_0848,106.23924
TEST_0849,71.86227
TEST_0850,41.48901
TEST_0851,169.91277
TEST_0852,76.06685
TEST_0853,355.16687
TEST_0854,174.54337
TEST_0855,579.3635
TEST_0856,20.22242
TEST_0857,371.17648
TEST_0858,653.7569
TEST_0859,84.55456
TEST_0860,157.79343
TEST_0861,234.15495
TEST_0862,537.83276
TEST_0863,63.99826
TEST_0864,485.52115
TEST_0865,113.948845
TEST_0866,248.42651
TEST_0867,96.91138
TEST_0868,40.028572
TEST_0869,422.64792
TEST_0870,37.040703
TEST_0871,322.36066
TEST_0872,186.2392
TEST_0873,52.257484
TEST_0874,414.97882
TEST_0875,149.4562
TEST_0876,352.32373
TEST_0877,633.51605
TEST_0878,59.467346
TEST_0879,505.28412
TEST_0880,218.42792
TEST_0881,74.00463
TEST_0882,272.41656
TEST_0883,429.6688
TEST_0884,182.6772
TEST_0885,42.82202
TEST_0886,146.01788
TEST_0887,175.05728
TEST_0888,95.35998
TEST_0889,39.84448
TEST_0890,43.169083
TEST_0891,307.36072
TEST_0892,1109.5415
TEST_0893,188.95483
TEST_0894,67.88054
TEST_0895,170.38127
TEST_0896,150.53415
TEST_0897,184.47153
TEST_0898,42.873028
TEST_0899,559.8417
TEST_0900,101.39327
TEST_0901,239.5207
TEST_0902,125.03631
TEST_0903,330.63663
TEST_0904,145.17572
TEST_0905,123.53606
TEST_0906,477.994
TEST_0907,264.49866
TEST_0908,420.08017
TEST_0909,99.39985
TEST_0910,642.30853
TEST_0911,107.73523
TEST_0912,746.6044
TEST_0913,201.9935
TEST_0914,182.02162
TEST_0915,197.63724
TEST_0916,219.24475
TEST_0917,52.861572
TEST_0918,649.0443
TEST_0919,584.4137
TEST_0920,219.28467
TEST_0921,136.9242
TEST_0922,191.062
TEST_0923,483.33386
TEST_0924,81.77808
TEST_0925,1010.12933
TEST_0926,110.34486
TEST_0927,240.53021
TEST_0928,794.0538
TEST_0929,243.65613
TEST_0930,218.42792
TEST_0931,58.768955
TEST_0932,62.33509
TEST_0933,31.528728
TEST_0934,51.053127
TEST_0935,77.35144
TEST_0936,47.517242
TEST_0937,547.6299
TEST_0938,48.90731
TEST_0939,133.28264
TEST_0940,434.1027
TEST_0941,70.25288
TEST_0942,73.337715
TEST_0943,1241.8833
TEST_0944,149.6318
TEST_0945,142.28456
TEST_0946,1.9716262
TEST_0947,111.71866
TEST_0948,783.6489
TEST_0949,233.9417
TEST_0950,218.16321
TEST_0951,89.12608
TEST_0952,307.22205
TEST_0953,742.6301
TEST_0954,793.80585
TEST_0955,132.78001
TEST_0956,272.33832
TEST_0957,610.4646
TEST_0958,217.26553
TEST_0959,192.37965
TEST_0960,1053.9594
TEST_0961,290.59088
TEST_0962,74.68983
TEST_0963,676.0397
TEST_0964,126.91973
TEST_0965,493.1822
TEST_0966,288.3235
TEST_0967,926.88446
TEST_0968,200.10129
TEST_0969,33.910797
TEST_0970,50.294327
TEST_0971,450.7681
TEST_0972,236.52707
TEST_0973,63.998753
TEST_0974,490.32596
TEST_0975,266.77884
TEST_0976,307.93723
TEST_0977,501.0562
TEST_0978,151.26685
TEST_0979,176.76529
TEST_0980,254.50722
TEST_0981,484.84988
TEST_0982,115.7739
TEST_0983,357.7014
TEST_0984,170.38127
TEST_0985,50.408707
TEST_0986,70.343575
TEST_0987,170.26186
TEST_0988,190.58958
TEST_0989,524.4025
TEST_0990,1239.8668
TEST_0991,181.8841
TEST_0992,107.26202
TEST_0993,186.01787
TEST_0994,169.73277
TEST_0995,470.33258
TEST_0996,80.61578
TEST_0997,516.8091
TEST_0998,469.4241
TEST_0999,42.882973
TEST_1000,143.7039
TEST_1001,205.85971
TEST_1002,377.2724
TEST_1003,575.1288
TEST_1004,102.21088
TEST_1005,113.13748
TEST_1006,181.89188
TEST_1007,221.99539
TEST_1008,41.89819
TEST_1009,19.991806
TEST_1010,50.8165
TEST_1011,89.53456
TEST_1012,27.033419
TEST_1013,931.52576
TEST_1014,128.76227
TEST_1015,390.86945
TEST_1016,263.82782
TEST_1017,335.29413
TEST_1018,339.84515
TEST_1019,21.598787
TEST_1020,76.06685
TEST_1021,925.01843
TEST_1022,195.6984
TEST_1023,146.08292
TEST_1024,112.71719
TEST_1025,56.380604
TEST_1026,42.243134
TEST_1027,75.363754
TEST_1028,339.19916
TEST_1029,130.56404
TEST_1030,251.08792
TEST_1031,123.45469
TEST_1032,447.3787
TEST_1033,202.83615
TEST_1034,18.25947
TEST_1035,439.57507
TEST_1036,213.01018
TEST_1037,66.82834
TEST_1038,193.43098
TEST_1039,520.4234
TEST_1040,78.439186
TEST_1041,538.1616
TEST_1042,200.38484
TEST_1043,67.88054
TEST_1044,1057.5298
TEST_1045,93.43172
TEST_1046,186.56113
TEST_1047,609.2588
TEST_1048,352.83612
TEST_1049,53.489494
TEST_1050,820.14954
TEST_1051,383.8281
TEST_1052,371.13147
TEST_1053,93.20623
TEST_1054,51.63644
TEST_1055,55.003464
TEST_1056,98.3682
TEST_1057,166.14635
TEST_1058,271.0627
TEST_1059,40.540462
TEST_1060,633.8021
TEST_1061,585.3524
TEST_1062,172.21947
TEST_1063,2108.0066
TEST_1064,-17.428047
TEST_1065,95.231476
TEST_1066,144.10747
TEST_1067,200.10129
TEST_1068,803.25616
TEST_1069,167.64536
TEST_1070,343.50992
TEST_1071,573.441
TEST_1072,48.42125
TEST_1073,310.70706
TEST_1074,153.3417
TEST_1075,952.4166
TEST_1076,106.38457
TEST_1077,87.75754
TEST_1078,137.42868
TEST_1079,52.179882
TEST_1080,36.10892
TEST_1081,194.1216
TEST_1082,38.38766
TEST_1083,85.295456
TEST_1084,57.14506
TEST_1085,55.296803
TEST_1086,667.48517
TEST_1087,447.01596
TEST_1088,95.19157
TEST_1089,354.79102
TEST_1090,90.73821
TEST_1091,75.8638
TEST_1092,545.5566
TEST_1093,186.60695
TEST_1094,646.5737
TEST_1095,176.76529
TEST_1096,115.7739
TEST_1097,726.4247
TEST_1098,473.48212
TEST_1099,163.0864
TEST_1100,457.05756
TEST_1101,243.66768
TEST_1102,81.75675
TEST_1103,186.2392
TEST_1104,93.66955
TEST_1105,51.94416
TEST_1106,660.64655
TEST_1107,275.6397
TEST_1108,192.75685
TEST_1109,618.8612
TEST_1110,470.33258
TEST_1111,682.21423
TEST_1112,78.439186
TEST_1113,236.75925
TEST_1114,52.64621
TEST_1115,265.59406
TEST_1116,246.24226
TEST_1117,356.18933
TEST_1118,78.439186
TEST_1119,137.79794
TEST_1120,182.02162
TEST_1121,113.20868
TEST_1122,50.294327
TEST_1123,677.0484
TEST_1124,76.55627
TEST_1125,454.92752
TEST_1126,75.290115
TEST_1127,54.95724
TEST_1128,123.42259
TEST_1129,349.54266
TEST_1130,49.52174
TEST_1131,54.951874
TEST_1132,110.82352
TEST_1133,522.6095
TEST_1134,246.92668
TEST_1135,110.352486
TEST_1136,348.3286
TEST_1137,59.425747
TEST_1138,59.14423
TEST_1139,333.16974
TEST_1140,86.665596
TEST_1141,113.948845
TEST_1142,263.18365
TEST_1143,169.43214
TEST_1144,672.4442
TEST_1145,163.6199
TEST_1146,92.54664
TEST_1147,513.0929
TEST_1148,585.12854
TEST_1149,50.294327
TEST_1150,246.58917
TEST_1151,155.56871
TEST_1152,218.42792
TEST_1153,90.81817
TEST_1154,35.87689
TEST_1155,261.16357
TEST_1156,218.01068
TEST_1157,188.70271
TEST_1158,277.0968
TEST_1159,31.181665
TEST_1160,265.1321
TEST_1161,51.96875
TEST_1162,207.20175
TEST_1163,255.64142
TEST_1164,134.67029
TEST_1165,65.151405
TEST_1166,53.840687
TEST_1167,80.13394
TEST_1168,233.56497
TEST_1169,715.9538
TEST_1170,507.98837
TEST_1171,195.21742
TEST_1172,61.861412
TEST_1173,220.0747
TEST_1174,701.55585
TEST_1175,105.8328
TEST_1176,59.467346
TEST_1177,171.72124
TEST_1178,55.347412
TEST_1179,73.90134
TEST_1180,433.77124
TEST_1181,365.7247
TEST_1182,456.31778
TEST_1183,46.372875
TEST_1184,187.80551
TEST_1185,137.92793
TEST_1186,341.44736
TEST_1187,170.60089
TEST_1188,100.738045
TEST_1189,237.89757
TEST_1190,41.634304
TEST_1191,878.8054
TEST_1192,101.295074
TEST_1193,343.84238
TEST_1194,356.18933
TEST_1195,466.5493
TEST_1196,457.877
TEST_1197,215.2367
TEST_1198,54.523327
TEST_1199,485.52115
TEST_1200,91.29817
TEST_1201,218.42792
TEST_1202,297.69086
TEST_1203,59.467346
TEST_1204,63.012318
TEST_1205,322.402
TEST_1206,26.686361
TEST_1207,226.28003
TEST_1208,186.56113
TEST_1209,607.15955
TEST_1210,71.4831
TEST_1211,314.49326
TEST_1212,380.39453
TEST_1213,147.50375
TEST_1214,212.44614
TEST_1215,689.1534
TEST_1216,174.10529
TEST_1217,379.01385
TEST_1218,339.8273
TEST_1219,182.20433
TEST_1220,132.23882
TEST_1221,132.59296
TEST_1222,179.42686
TEST_1223,186.84943
TEST_1224,96.81977
TEST_1225,166.9123
TEST_1226,557.22046
TEST_1227,122.69698
TEST_1228,231.2867
TEST_1229,153.62192
TEST_1230,179.12607
TEST_1231,222.83603
TEST_1232,146.47083
TEST_1233,280.63434
TEST_1234,798.9821
TEST_1235,118.22796
TEST_1236,223.59224
TEST_1237,252.36142
TEST_1238,236.41983
TEST_1239,160.85309
TEST_1240,321.1409
TEST_1241,365.39706
TEST_1242,103.21089
TEST_1243,345.58743
TEST_1244,957.0317
TEST_1245,293.4325
TEST_1246,50.008232
TEST_1247,450.39642
TEST_1248,172.47423
TEST_1249,502.17682
TEST_1250,682.8334
TEST_1251,283.23718
TEST_1252,365.39743
TEST_1253,44.5704
TEST_1254,352.7648
TEST_1255,213.01018
TEST_1256,192.64229
TEST_1257,26.019945
TEST_1258,89.06841
TEST_1259,725.8406
TEST_1260,163.36397
TEST_1261,90.02614
TEST_1262,277.0968
TEST_1263,40.028572
TEST_1264,57.14506
TEST_1265,80.13394
TEST_1266,159.70781
TEST_1267,68.11379
TEST_1268,395.6806
TEST_1269,430.2801
TEST_1270,387.99435
TEST_1271,1691.049
TEST_1272,466.74786
TEST_1273,220.40427
TEST_1274,48.281136
TEST_1275,103.67681
TEST_1276,119.120415
TEST_1277,29.876366
TEST_1278,519.82764
TEST_1279,245.92354
TEST_1280,89.51418
TEST_1281,45.55115
TEST_1282,133.44778
TEST_1283,365.32404
TEST_1284,193.01437
TEST_1285,1316.8278
TEST_1286,395.132
TEST_1287,119.063705
TEST_1288,174.22807
TEST_1289,297.1567
TEST_1290,60.354298
TEST_1291,246.82356
TEST_1292,188.69775
TEST_1293,711.71484
TEST_1294,310.76163
TEST_1295,746.6044
TEST_1296,37.873108
TEST_1297,201.00375
TEST_1298,1056.3098
TEST_1299,248.03845
TEST_1300,34.393566
TEST_1301,274.92456
TEST_1302,332.44717
TEST_1303,500.83084
TEST_1304,130.81119
TEST_1305,312.6819
TEST_1306,167.90593
TEST_1307,364.5068
TEST_1308,456.63077
TEST_1309,147.65134
TEST_1310,128.33862
TEST_1311,258.82468
TEST_1312,1210.573
TEST_1313,369.27863
TEST_1314,190.96901
TEST_1315,268.20502
TEST_1316,279.2642
TEST_1317,54.523327
TEST_1318,208.22945
TEST_1319,108.25331
TEST_1320,207.71709
TEST_1321,189.16794
TEST_1322,528.1963
TEST_1323,139.63583
TEST_1324,31.181665
TEST_1325,52.223583
TEST_1326,182.02162
TEST_1327,422.1536
TEST_1328,151.30511
TEST_1329,367.04623
TEST_1330,172.47423
TEST_1331,173.92557
TEST_1332,722.5134
TEST_1333,61.622005
TEST_1334,320.8535
TEST_1335,311.7478
TEST_1336,559.43475
TEST_1337,29.080666
TEST_1338,43.499508
TEST_1339,355.08844
TEST_1340,450.7125
TEST_1341,232.82532
TEST_1342,596.8686
TEST_1343,76.923004
TEST_1344,51.63644
TEST_1345,160.36902
TEST_1346,246.26512
TEST_1347,238.86029
TEST_1348,198.6886
TEST_1349,300.6222
TEST_1350,118.47505
TEST_1351,42.882973
TEST_1352,190.50984
TEST_1353,67.30344
TEST_1354,76.570045
TEST_1355,395.132
TEST_1356,404.7182
TEST_1357,27.033419
TEST_1358,675.6722
TEST_1359,424.25232
TEST_1360,650.7236
TEST_1361,260.17862
TEST_1362,298.3739
TEST_1363,39.85501
TEST_1364,114.749626
TEST_1365,581.1005
TEST_1366,396.43793
TEST_1367,393.59772
TEST_1368,435.3063
TEST_1369,603.1213
TEST_1370,48.382446
TEST_1371,471.38385
TEST_1372,56.022266
TEST_1373,23.111946
TEST_1374,775.5058
TEST_1375,39.996086
TEST_1376,39.24762
TEST_1377,43.450153
TEST_1378,100.56704
TEST_1379,56.473423
TEST_1380,226.02846
TEST_1381,108.35287
TEST_1382,115.44755
TEST_1383,388.6759
TEST_1384,71.4831
TEST_1385,35.169884
TEST_1386,786.0247
TEST_1387,49.21855
TEST_1388,156.23233
TEST_1389,460.28607
TEST_1390,78.439186
TEST_1391,133.92406
TEST_1392,555.9531
TEST_1393,433.22662
TEST_1394,65.43373
TEST_1395,102.18127
TEST_1396,156.81607
TEST_1397,120.76029
TEST_1398,140.7793
TEST_1399,193.99754
TEST_1400,64.42649
TEST_1401,-14.074283
TEST_1402,334.51056
TEST_1403,325.897
TEST_1404,50.008232
TEST_1405,186.60695
TEST_1406,139.36444
TEST_1407,248.50441
TEST_1408,468.94614
TEST_1409,661.32104
TEST_1410,244.18137
TEST_1411,170.70657
TEST_1412,362.19968
TEST_1413,45.55115
TEST_1414,88.350494
TEST_1415,43.169083
TEST_1416,109.44346
TEST_1417,170.80853
TEST_1418,315.69058
TEST_1419,198.40646
TEST_1420,234.80917
TEST_1421,177.9406
TEST_1422,501.0562
TEST_1423,606.9457
TEST_1424,91.097595
TEST_1425,541.3392
TEST_1426,64.91589
TEST_1427,29.41548
TEST_1428,713.0927
TEST_1429,223.05692
TEST_1430,194.50519
TEST_1431,484.84988
TEST_1432,248.57175
TEST_1433,194.93152
TEST_1434,247.48466
TEST_1435,99.76265
TEST_1436,49.21855
TEST_1437,319.37347
TEST_1438,295.72034
TEST_1439,408.13733
TEST_1440,93.408745
TEST_1441,184.89766
TEST_1442,126.776855
TEST_1443,118.17572
TEST_1444,770.15326
TEST_1445,143.24174
TEST_1446,199.09271
TEST_1447,104.61215
TEST_1448,167.87268
TEST_1449,377.73596
TEST_1450,391.9059
TEST_1451,634.4677
TEST_1452,350.0358
TEST_1453,45.757236
TEST_1454,179.16597
TEST_1455,332.86343
TEST_1456,149.55997
TEST_1457,234.0763
TEST_1458,169.00377
TEST_1459,70.73101
TEST_1460,149.09608
TEST_1461,565.8589
TEST_1462,1064.7109
TEST_1463,274.46368
TEST_1464,127.58673
TEST_1465,82.12067
TEST_1466,206.21516
TEST_1467,54.10108
TEST_1468,29.890295
TEST_1469,145.17572
TEST_1470,181.9022
TEST_1471,76.06685
TEST_1472,212.34676
TEST_1473,170.60089
TEST_1474,137.17587
TEST_1475,423.3081
TEST_1476,54.008774
TEST_1477,506.7081
TEST_1478,153.4377
TEST_1479,182.3572
TEST_1480,24.301548
TEST_1481,33.540756
TEST_1482,94.06676
TEST_1483,399.29654
TEST_1484,63.89785
TEST_1485,587.02783
TEST_1486,98.833466
TEST_1487,539.87335
TEST_1488,201.51245
TEST_1489,80.13394
TEST_1490,113.20868
TEST_1491,146.08292
TEST_1492,209.05498
TEST_1493,66.79883
TEST_1494,153.49054
TEST_1495,148.88857
TEST_1496,162.03494
TEST_1497,236.75253
TEST_1498,454.92752
TEST_1499,460.4166
TEST_1500,143.02316
TEST_1501,85.68217
TEST_1502,36.742092
TEST_1503,927.83746
TEST_1504,380.37262
TEST_1505,42.320812
TEST_1506,1221.7626
TEST_1507,1465.2043
TEST_1508,216.39534
TEST_1509,187.22455
TEST_1510,48.90731
TEST_1511,180.9366
TEST_1512,182.02162
TEST_1513,42.82202
TEST_1514,95.365265
TEST_1515,244.55615
TEST_1516,80.13394
TEST_1517,68.84578
TEST_1518,145.19194
TEST_1519,161.27216
TEST_1520,690.16583
TEST_1521,315.18228
TEST_1522,353.81766
TEST_1523,34.46728
TEST_1524,1415.3114
TEST_1525,192.64229
TEST_1526,281.35516
TEST_1527,418.15265
TEST_1528,322.402
TEST_1529,78.439186
TEST_1530,75.759125
TEST_1531,54.008774
TEST_1532,97.28669
TEST_1533,250.98746
TEST_1534,123.42259
TEST_1535,131.8101
TEST_1536,59.794575
TEST_1537,41.948666
TEST_1538,48.382446
TEST_1539,61.64857
TEST_1540,708.10895
TEST_1541,222.28151
TEST_1542,123.10755
TEST_1543,16.08854
TEST_1544,50.294327
TEST_1545,100.88155
TEST_1546,696.73706
TEST_1547,58.612514
TEST_1548,772.8501
TEST_1549,46.860912
TEST_1550,45.822495
TEST_1551,756.534
TEST_1552,670.47565
TEST_1553,36.930298
TEST_1554,592.303
TEST_1555,191.63
TEST_1556,72.289734
TEST_1557,25.659092
TEST_1558,359.84286
TEST_1559,190.80632
TEST_1560,643.42944
TEST_1561,400.2758
TEST_1562,135.1927
TEST_1563,85.194855
TEST_1564,75.363754
TEST_1565,613.2336
TEST_1566,509.8806
TEST_1567,218.42792
TEST_1568,76.55627
TEST_1569,180.23024
TEST_1570,112.390526
TEST_1571,73.337715
TEST_1572,31.034065
TEST_1573,86.290695
TEST_1574,635.2605
TEST_1575,42.873028
TEST_1576,43.169083
TEST_1577,583.2278
TEST_1578,333.3617
TEST_1579,93.6705
TEST_1580,595.20856
TEST_1581,182.02162
TEST_1582,73.87999
TEST_1583,391.92245
TEST_1584,54.008774
TEST_1585,98.833466
TEST_1586,54.605698
TEST_1587,258.82812
TEST_1588,63.13821
TEST_1589,713.372
TEST_1590,250.50064
TEST_1591,63.3989
TEST_1592,86.709015
TEST_1593,438.0878
TEST_1594,265.31305
TEST_1595,384.22662
TEST_1596,445.62653
TEST_1597,128.33862
TEST_1598,68.088165
TEST_1599,207.80965
TEST_1600,200.15344
TEST_1601,216.08846
TEST_1602,482.3384
TEST_1603,240.88974
TEST_1604,561.9097
TEST_1605,48.312954
TEST_1606,608.2911
TEST_1607,61.64857
TEST_1608,78.439186
TEST_1609,145.73135
TEST_1610,29.41548
TEST_1611,133.59258
TEST_1612,229.69963
TEST_1613,67.30344
TEST_1614,726.8717
TEST_1615,189.61375
TEST_1616,255.42123
TEST_1617,246.86758
TEST_1618,340.69907
TEST_1619,281.4834
TEST_1620,48.90731
TEST_1621,54.523327
TEST_1622,594.43634
TEST_1623,73.38235
TEST_1624,399.29654
TEST_1625,36.742092
TEST_1626,184.47153
TEST_1627,194.9097
TEST_1628,80.984886
TEST_1629,434.95233
TEST_1630,709.09686
TEST_1631,43.169083
TEST_1632,252.70592
TEST_1633,130.37428
TEST_1634,140.40887
TEST_1635,424.72894
TEST_1636,164.07277
TEST_1637,303.6588
TEST_1638,96.62377
TEST_1639,343.6281
TEST_1640,51.11159
TEST_1641,246.82356
TEST_1642,179.83395
TEST_1643,54.523327
TEST_1644,185.86842
TEST_1645,107.687935
TEST_1646,123.10755
TEST_1647,423.6665
TEST_1648,181.9444
TEST_1649,237.56398
TEST_1650,-11.043178
TEST_1651,96.91138
TEST_1652,253.11392
TEST_1653,326.23605
TEST_1654,39.471233
TEST_1655,55.252834
TEST_1656,164.59529
TEST_1657,42.82202
TEST_1658,666.83234
TEST_1659,422.64792
TEST_1660,557.4824
TEST_1661,233.56497
TEST_1662,199.42314
TEST_1663,98.8264
TEST_1664,174.54337
TEST_1665,218.16321
TEST_1666,199.42314
TEST_1667,188.98984
TEST_1668,1066.388
TEST_1669,534.6367
TEST_1670,365.99786
TEST_1671,181.56104
TEST_1672,119.43398
TEST_1673,263.77704
TEST_1674,68.525215
TEST_1675,444.15375
TEST_1676,292.89145
TEST_1677,41.440823
TEST_1678,58.199818
TEST_1679,170.46501
TEST_1680,194.50519
TEST_1681,135.7777
TEST_1682,487.32828
TEST_1683,334.8192
TEST_1684,74.549644
TEST_1685,44.063183
TEST_1686,57.095
TEST_1687,43.7303
TEST_1688,181.01752
TEST_1689,191.87733
TEST_1690,146.40302
TEST_1691,64.22344
TEST_1692,104.56746
TEST_1693,75.62866
TEST_1694,489.255
TEST_1695,200.38248
TEST_1696,554.2092
TEST_1697,117.421844
TEST_1698,181.01752
TEST_1699,176.76529
TEST_1700,545.0912
TEST_1701,75.10939
TEST_1702,119.170654
TEST_1703,170.35596
TEST_1704,506.75247
TEST_1705,50.980225
TEST_1706,95.685394
TEST_1707,388.6759
TEST_1708,879.2705
TEST_1709,12.195943
TEST_1710,335.29413
TEST_1711,191.57901
TEST_1712,237.53075
TEST_1713,608.7207
TEST_1714,82.39451
TEST_1715,377.73596
TEST_1716,179.54628
TEST_1717,669.16064
TEST_1718,111.105286
TEST_1719,462.9212
TEST_1720,553.8481
TEST_1721,88.350494
TEST_1722,171.21353
TEST_1723,372.08698
TEST_1724,116.82312
TEST_1725,41.516724
TEST_1726,1018.29565
TEST_1727,100.08607
TEST_1728,161.50392
TEST_1729,54.008774
TEST_1730,398.39648
TEST_1731,2225.6064
TEST_1732,71.91445
TEST_1733,61.64857
TEST_1734,884.4143
TEST_1735,213.90483
TEST_1736,31.661798
TEST_1737,446.6157
TEST_1738,696.0325
TEST_1739,101.295074
TEST_1740,890.9296
TEST_1741,38.38766
TEST_1742,274.62384
TEST_1743,36.97497
TEST_1744,260.27185
TEST_1745,105.724236
TEST_1746,68.736694
TEST_1747,73.513176
TEST_1748,167.60657
TEST_1749,346.9992
TEST_1750,69.37865
TEST_1751,675.6349
TEST_1752,161.12236
TEST_1753,400.7666
TEST_1754,44.453842
TEST_1755,309.98486
TEST_1756,182.92856
TEST_1757,30.46037
TEST_1758,211.0909
TEST_1759,153.9249
TEST_1760,192.65787
TEST_1761,31.034065
TEST_1762,277.37415
TEST_1763,62.02829
TEST_1764,667.7372
TEST_1765,111.49671
TEST_1766,111.672966
TEST_1767,368.75323
TEST_1768,196.65477
TEST_1769,204.65472
TEST_1770,170.38127
TEST_1771,59.968193
TEST_1772,399.85223
TEST_1773,57.945995
TEST_1774,147.88716
TEST_1775,31.232676
TEST_1776,41.948666
TEST_1777,185.57214
TEST_1778,194.64565
TEST_1779,13.498213
TEST_1780,607.6387
TEST_1781,189.55544
TEST_1782,356.8894
TEST_1783,122.20231
TEST_1784,116.21915
TEST_1785,1017.51105
TEST_1786,56.218086
TEST_1787,71.4831
TEST_1788,-74.83631
TEST_1789,45.371017
TEST_1790,243.86139
TEST_1791,47.28258
TEST_1792,196.30672
TEST_1793,122.69698
TEST_1794,119.063705
TEST_1795,335.4757
TEST_1796,149.21037
TEST_1797,43.169083
TEST_1798,181.98642
TEST_1799,67.88054
TEST_1800,157.70474
TEST_1801,634.4677
TEST_1802,1058.3827
TEST_1803,54.523327
TEST_1804,222.30557
TEST_1805,174.47943
TEST_1806,112.71719
TEST_1807,385.16568
TEST_1808,174.86769
TEST_1809,91.097595
TEST_1810,518.663
TEST_1811,155.53362
TEST_1812,422.64792
TEST_1813,50.294327
TEST_1814,3005.4067
TEST_1815,287.21643
TEST_1816,108.48603
TEST_1817,277.23465
TEST_1818,175.76237
TEST_1819,365.39706
TEST_1820,199.45605
TEST_1821,689.9119
TEST_1822,56.218086
TEST_1823,48.570652
TEST_1824,108.73827
TEST_1825,48.290794
TEST_1826,224.9402
TEST_1827,1054.3044
TEST_1828,390.35135
TEST_1829,55.71154
TEST_1830,416.4365
TEST_1831,36.025723
TEST_1832,498.40292
TEST_1833,61.64857
TEST_1834,43.79865
TEST_1835,333.62177
TEST_1836,151.82082
TEST_1837,73.9753
TEST_1838,554.71844
TEST_1839,1000.4671
TEST_1840,218.42792
TEST_1841,430.2801
TEST_1842,371.17648
TEST_1843,223.49104
TEST_1844,62.744247
TEST_1845,73.9753
TEST_1846,126.91973
TEST_1847,812.39655
TEST_1848,312.6819
TEST_1849,134.24052
TEST_1850,31.528728
TEST_1851,200.34306
TEST_1852,338.56723
TEST_1853,181.00194
TEST_1854,521.2498
TEST_1855,576.77826
TEST_1856,39.996086
TEST_1857,157.70474
TEST_1858,108.94588
TEST_1859,199.97029
TEST_1860,195.48598
TEST_1861,270.17285
TEST_1862,428.8328
TEST_1863,205.13287
TEST_1864,125.0057
TEST_1865,169.43214
TEST_1866,17.77513
TEST_1867,278.91296
TEST_1868,525.5321
TEST_1869,88.350494
TEST_1870,304.29898
TEST_1871,450.9153
TEST_1872,89.06841
TEST_1873,28.508097
TEST_1874,186.18555
TEST_1875,229.81792
TEST_1876,27.033419
TEST_1877,219.58168
TEST_1878,487.07684
TEST_1879,133.80914
TEST_1880,98.24878
TEST_1881,761.26227
TEST_1882,218.42792
TEST_1883,156.81607
TEST_1884,173.9326
TEST_1885,189.50931
TEST_1886,91.29817
TEST_1887,33.714607
TEST_1888,61.64857
TEST_1889,204.02
TEST_1890,954.7938
TEST_1891,304.30692
TEST_1892,79.45724
TEST_1893,44.577724
TEST_1894,110.34791
TEST_1895,218.42792
TEST_1896,368.83545
TEST_1897,82.093636
TEST_1898,182.02162
TEST_1899,182.02162
TEST_1900,194.99915
TEST_1901,197.03276
TEST_1902,378.18365
TEST_1903,276.68176
TEST_1904,306.38007
TEST_1905,220.40427
TEST_1906,-150.51903
TEST_1907,200.10129
TEST_1908,82.093636
TEST_1909,65.76562
TEST_1910,294.92883
TEST_1911,49.21855
TEST_1912,122.69698
TEST_1913,324.09637
TEST_1914,232.5899
TEST_1915,207.71146
TEST_1916,163.70255
TEST_1917,22.951557
TEST_1918,395.132
TEST_1919,90.83976
TEST_1920,50.008232
TEST_1921,178.54788
TEST_1922,590.002
TEST_1923,129.9426
TEST_1924,339.7857
TEST_1925,66.22051
TEST_1926,182.02162
TEST_1927,78.439186
TEST_1928,176.52219
TEST_1929,42.82202
TEST_1930,448.83215
TEST_1931,171.33986
TEST_1932,499.70526
TEST_1933,258.0808
TEST_1934,191.48293
TEST_1935,201.51245
TEST_1936,628.7542
TEST_1937,176.38101
TEST_1938,272.43896
TEST_1939,335.4757
TEST_1940,78.439186
TEST_1941,72.85966
TEST_1942,148.18318
TEST_1943,58.94445
TEST_1944,1254.2526
TEST_1945,260.5987
TEST_1946,39.996086
TEST_1947,190.78229
TEST_1948,390.35135
TEST_1949,189.50931
TEST_1950,377.74835
TEST_1951,231.61504
TEST_1952,195.69827
TEST_1953,129.2388
TEST_1954,59.95563
TEST_1955,70.96854
TEST_1956,706.8518
TEST_1957,28.442068
TEST_1958,745.9822
TEST_1959,60.354298
TEST_1960,83.60098
TEST_1961,984.7863
TEST_1962,73.87999
TEST_1963,191.58884
TEST_1964,55.71154
TEST_1965,101.47171
TEST_1966,32.813484
TEST_1967,585.7608
TEST_1968,293.4325
TEST_1969,172.2996
TEST_1970,182.02162
TEST_1971,35.601097
TEST_1972,120.58528
TEST_1973,192.857
TEST_1974,45.822495
TEST_1975,155.85278
TEST_1976,839.1028
TEST_1977,311.25156
TEST_1978,96.864136
TEST_1979,271.68488
TEST_1980,194.14691
TEST_1981,52.715233
TEST_1982,62.51355
TEST_1983,374.6773
TEST_1984,253.54497
TEST_1985,23.265366
TEST_1986,205.59773
TEST_1987,113.20868
TEST_1988,152.66153
TEST_1989,228.68933
TEST_1990,361.99115
TEST_1991,556.0115
TEST_1992,602.4028
TEST_1993,118.17572
TEST_1994,87.173676
TEST_1995,48.546734
TEST_1996,397.1818
TEST_1997,90.857635
TEST_1998,241.71605
TEST_1999,95.85417
TEST_2000,108.45337
TEST_2001,96.61373
TEST_2002,399.13153
TEST_2003,8.670262
TEST_2004,31.528728
TEST_2005,292.27472
TEST_2006,159.82353
TEST_2007,438.04355
TEST_2008,798.9821
TEST_2009,234.62477
TEST_2010,29.099058
TEST_2011,232.5324
TEST_2012,501.0562
TEST_2013,502.97275
TEST_2014,329.4603
TEST_2015,211.04327
TEST_2016,415.2762
TEST_2017,246.46675
TEST_2018,41.60113
TEST_2019,649.1286
TEST_2020,52.576572
TEST_2021,78.44176
TEST_2022,77.60332
TEST_2023,70.25288
TEST_2024,627.6204
TEST_2025,379.16086
TEST_2026,94.918976
TEST_2027,311.03085
TEST_2028,117.52787
TEST_2029,328.14532
TEST_2030,172.30098
TEST_2031,70.392265
TEST_2032,41.60113
TEST_2033,73.49147
TEST_2034,381.02237
TEST_2035,212.20433
TEST_2036,255.64142
TEST_2037,161.90593
TEST_2038,83.746735
TEST_2039,387.8463
TEST_2040,182.02162
TEST_2041,25.41561
TEST_2042,292.27472
TEST_2043,201.51245
TEST_2044,149.40363
TEST_2045,903.82855
TEST_2046,82.093636
TEST_2047,48.382446
TEST_2048,102.795815
TEST_2049,113.421265
TEST_2050,31.181665
TEST_2051,42.882973
TEST_2052,329.24283
TEST_2053,37.163174
TEST_2054,206.64485
TEST_2055,278.719
TEST_2056,60.3035
TEST_2057,244.2671
TEST_2058,155.53362
TEST_2059,152.41965
TEST_2060,493.08328
TEST_2061,179.88734
TEST_2062,741.2722
TEST_2063,422.64792
TEST_2064,863.7441
TEST_2065,607.2669
TEST_2066,50.008232
TEST_2067,93.42015
TEST_2068,174.47943
TEST_2069,62.303505
TEST_2070,179.54628
TEST_2071,214.64684
TEST_2072,362.40332
TEST_2073,254.33456
TEST_2074,184.86578
TEST_2075,209.07315
TEST_2076,50.008232
TEST_2077,140.7793
TEST_2078,51.82194
TEST_2079,406.28485
TEST_2080,272.80392
TEST_2081,98.73123
TEST_2082,167.87268
TEST_2083,54.104572
TEST_2084,140.7793
TEST_2085,48.6871
TEST_2086,293.9865
TEST_2087,119.38538
TEST_2088,61.64857
TEST_2089,295.414
TEST_2090,834.28064
TEST_2091,91.701614
TEST_2092,772.8501
TEST_2093,469.37634
TEST_2094,86.17127
TEST_2095,70.25288
TEST_2096,588.5501
TEST_2097,363.72583
TEST_2098,199.09271
TEST_2099,603.79877
TEST_2100,181.73166
TEST_2101,448.4486
TEST_2102,518.7527
TEST_2103,166.43988
TEST_2104,161.32053
TEST_2105,43.169083
TEST_2106,42.873028
TEST_2107,73.337715
TEST_2108,716.82355
TEST_2109,346.87976
TEST_2110,417.307
TEST_2111,513.1255
TEST_2112,33.910797
TEST_2113,64.56822
TEST_2114,85.6476
TEST_2115,56.537163
TEST_2116,28.268366
TEST_2117,106.38457
TEST_2118,66.79883
TEST_2119,308.1239
TEST_2120,39.514004
TEST_2121,50.008232
TEST_2122,167.06717
TEST_2123,54.523327
TEST_2124,397.49332
TEST_2125,101.17491
TEST_2126,210.66522
TEST_2127,181.79063
TEST_2128,342.67523
TEST_2129,55.71154
TEST_2130,61.64857
TEST_2131,345.68356
TEST_2132,113.13748
TEST_2133,211.77202
TEST_2134,57.981964
TEST_2135,108.94588
TEST_2136,213.78542
TEST_2137,77.31407
TEST_2138,1173.567
TEST_2139,106.38457
TEST_2140,350.8404
TEST_2141,998.44763
TEST_2142,222.43594
TEST_2143,165.96062
TEST_2144,42.82202
TEST_2145,277.45135
TEST_2146,317.8081
TEST_2147,214.63237
TEST_2148,137.09247
TEST_2149,941.5385
TEST_2150,36.630978
TEST_2151,117.421844
TEST_2152,43.169083
TEST_2153,54.523327
TEST_2154,47.65867
TEST_2155,98.82476
TEST_2156,21.128172
TEST_2157,170.26186
TEST_2158,47.561314
TEST_2159,1093.1372
TEST_2160,420.27957
TEST_2161,173.31526
TEST_2162,116.10276
TEST_2163,141.25331
TEST_2164,285.0314
TEST_2165,113.845055
TEST_2166,101.8293
TEST_2167,157.28116
TEST_2168,387.07605
TEST_2169,137.32
TEST_2170,151.35062
TEST_2171,260.5509
TEST_2172,127.7431
TEST_2173,85.01841
TEST_2174,253.8723
TEST_2175,67.81524
TEST_2176,245.1346
TEST_2177,60.307274
TEST_2178,104.133545
TEST_2179,846.1434
TEST_2180,90.02614
TEST_2181,183.74725
TEST_2182,126.91973
TEST_2183,581.1005
TEST_2184,34.245834
TEST_2185,341.7371
TEST_2186,189.61375
TEST_2187,191.3022
TEST_2188,407.45563
TEST_2189,44.577724
TEST_2190,191.67046
TEST_2191,57.945995
TEST_2192,102.21088
TEST_2193,294.81177
TEST_2194,182.94263
TEST_2195,473.19485
TEST_2196,83.783226
TEST_2197,42.36842
TEST_2198,109.47427
TEST_2199,66.81775
TEST_2200,111.61875
TEST_2201,63.998753
TEST_2202,105.91125
TEST_2203,1954.7349
TEST_2204,427.8677
TEST_2205,173.64043
TEST_2206,105.36217
TEST_2207,98.42783
TEST_2208,368.29
TEST_2209,351.8197
TEST_2210,140.0859
TEST_2211,473.6958
TEST_2212,218.30974
TEST_2213,208.41649
TEST_2214,31.901354
TEST_2215,80.37765
TEST_2216,207.841
TEST_2217,184.89578
TEST_2218,307.43542
TEST_2219,118.08173
TEST_2220,54.523327
TEST_2221,326.44183
TEST_2222,28.067802
TEST_2223,181.01752
TEST_2224,126.25915
TEST_2225,116.32671
TEST_2226,367.50012
TEST_2227,54.976624
TEST_2228,314.27148
TEST_2229,661.39105
TEST_2230,177.20763
TEST_2231,158.01248
TEST_2232,206.07843
TEST_2233,64.91589
TEST_2234,421.55386
TEST_2235,147.67361
TEST_2236,343.50992
TEST_2237,126.643105
TEST_2238,221.47787
TEST_2239,192.08942
TEST_2240,172.42151
TEST_2241,366.49225
TEST_2242,106.98822
TEST_2243,46.807316
TEST_2244,143.87917
TEST_2245,23.265366
TEST_2246,434.2883
TEST_2247,276.68176
TEST_2248,81.75675
TEST_2249,156.299
TEST_2250,355.75308
TEST_2251,-76.406555
TEST_2252,282.96198
TEST_2253,65.927826
TEST_2254,669.16064
TEST_2255,161.17879
TEST_2256,636.0678
TEST_2257,120.36963
TEST_2258,276.0656
TEST_2259,380.53497
TEST_2260,120.76029
TEST_2261,563.21045
TEST_2262,356.353
TEST_2263,77.0849
TEST_2264,61.218857
TEST_2265,526.50226
TEST_2266,274.34088
TEST_2267,116.21915
TEST_2268,65.741455
TEST_2269,103.90404
TEST_2270,573.3312
TEST_2271,586.72406
TEST_2272,123.53606
TEST_2273,176.76529
TEST_2274,54.104572
TEST_2275,61.69735
TEST_2276,51.11159
TEST_2277,586.92834
TEST_2278,38.653988
TEST_2279,121.1489
TEST_2280,43.495075
TEST_2281,302.6689
TEST_2282,290.53458
TEST_2283,245.1346
TEST_2284,176.78357
TEST_2285,821.031
TEST_2286,35.87689
TEST_2287,122.21213
TEST_2288,33.910797
TEST_2289,83.075356
TEST_2290,190.97012
TEST_2291,540.0121
TEST_2292,332.86343
TEST_2293,32.58491
TEST_2294,353.80103
TEST_2295,575.1288
TEST_2296,240.53021
TEST_2297,342.01343
TEST_2298,61.16209
TEST_2299,49.54194
TEST_2300,283.73465
TEST_2301,293.4325
TEST_2302,397.23468
TEST_2303,37.299442
TEST_2304,94.35062
TEST_2305,186.36761
TEST_2306,297.30798
TEST_2307,210.24161
TEST_2308,89.12608
TEST_2309,334.55972
TEST_2310,397.1818
TEST_2311,40.08242
TEST_2312,82.93007
TEST_2313,132.00996
TEST_2314,36.12182
TEST_2315,195.6984
TEST_2316,103.66741
TEST_2317,34.175
TEST_2318,83.71962
TEST_2319,238.53883
TEST_2320,209.9845
TEST_2321,206.78757
TEST_2322,422.1536
TEST_2323,185.2517
TEST_2324,391.4534
TEST_2325,90.73821
TEST_2326,65.68488
TEST_2327,36.97497
TEST_2328,346.87976
TEST_2329,2101.2705
TEST_2330,355.63538
TEST_2331,86.290695
TEST_2332,53.542496
TEST_2333,377.22684
TEST_2334,76.06685
TEST_2335,51.154358
TEST_2336,661.91113
TEST_2337,420.9904
TEST_2338,218.42792
TEST_2339,242.4794
TEST_2340,159.82353
TEST_2341,76.06685
TEST_2342,195.88458
TEST_2343,156.69713
TEST_2344,999.6309
TEST_2345,96.81301
TEST_2346,66.9774
TEST_2347,637.5109
TEST_2348,151.24707
TEST_2349,34.68675
TEST_2350,639.08325
TEST_2351,73.38566
TEST_2352,377.68582
TEST_2353,402.01852
TEST_2354,53.970577
TEST_2355,204.22162
TEST_2356,291.6025
TEST_2357,204.75499
TEST_2358,286.7816
TEST_2359,377.48947
TEST_2360,218.55553
TEST_2361,20.618937
TEST_2362,239.54732
TEST_2363,43.169083
TEST_2364,484.84988
TEST_2365,291.6081
TEST_2366,639.0817
TEST_2367,218.42792
TEST_2368,186.2392
TEST_2369,418.54355
TEST_2370,43.169083
TEST_2371,35.500767
TEST_2372,817.5938
TEST_2373,392.3527
TEST_2374,322.402
TEST_2375,54.58017
TEST_2376,340.68634
TEST_2377,397.82504
TEST_2378,170.38127
TEST_2379,64.42649
TEST_2380,204.02
TEST_2381,254.51868
TEST_2382,214.75645
TEST_2383,220.69533
TEST_2384,130.3152
TEST_2385,46.810234
TEST_2386,402.0917
TEST_2387,182.02162
TEST_2388,661.27905
TEST_2389,566.9936
TEST_2390,273.54178
TEST_2391,44.453842
TEST_2392,518.40265
TEST_2393,315.18228
TEST_2394,76.923004
TEST_2395,76.06685
TEST_2396,149.40363
TEST_2397,238.53883
TEST_2398,233.80006
TEST_2399,589.68884
TEST_2400,206.78757
TEST_2401,63.012318
TEST_2402,286.40573
TEST_2403,65.927826
TEST_2404,186.2392
TEST_2405,872.7214
TEST_2406,4.2689466
TEST_2407,689.0662
TEST_2408,370.02765
TEST_2409,45.181114
TEST_2410,128.91592
TEST_2411,31.181665
TEST_2412,243.83624
TEST_2413,65.927826
TEST_2414,50.294327
TEST_2415,102.297676
TEST_2416,870.5814
TEST_2417,332.7899
TEST_2418,195.6984
TEST_2419,119.063705
TEST_2420,877.92596
TEST_2421,402.34555
TEST_2422,32.6055
TEST_2423,352.7648
TEST_2424,486.80923
TEST_2425,63.89785
TEST_2426,96.81301
TEST_2427,264.451
TEST_2428,54.951874
TEST_2429,110.73176
TEST_2430,248.3541
TEST_2431,28.442068
TEST_2432,724.16754
TEST_2433,73.9753
TEST_2434,585.1529
TEST_2435,345.042
TEST_2436,1955.16
TEST_2437,361.69778
TEST_2438,181.85304
TEST_2439,449.99585
TEST_2440,267.61215
TEST_2441,66.22301
TEST_2442,91.33582
TEST_2443,123.45469
TEST_2444,265.97083
TEST_2445,70.25288
TEST_2446,26.079327
TEST_2447,61.64857
TEST_2448,60.697937
TEST_2449,390.33154
TEST_2450,47.65867
TEST_2451,42.873028
TEST_2452,182.3572
TEST_2453,54.168034
TEST_2454,175.23189
TEST_2455,47.436718
TEST_2456,108.73827
TEST_2457,42.82202
TEST_2458,167.90593
TEST_2459,563.26385
TEST_2460,395.82654
TEST_2461,59.11712
TEST_2462,25.070938
TEST_2463,406.58328
TEST_2464,170.38127
TEST_2465,225.1637
TEST_2466,410.5132
TEST_2467,130.09967
TEST_2468,152.41965
TEST_2469,132.59296
TEST_2470,299.58032
TEST_2471,677.87683
TEST_2472,284.1527
TEST_2473,215.57112
TEST_2474,371.19846
TEST_2475,217.26855
TEST_2476,1103.8864
TEST_2477,221.99539
TEST_2478,50.663143
TEST_2479,200.39635
TEST_2480,207.76682
TEST_2481,106.38457
TEST_2482,395.132
TEST_2483,104.905464
TEST_2484,141.02768
TEST_2485,115.96659
TEST_2486,718.56836
TEST_2487,167.85927
TEST_2488,149.09608
TEST_2489,22.743074
TEST_2490,674.13116
TEST_2491,220.69533
TEST_2492,58.912247
TEST_2493,27.517958
TEST_2494,339.7857
TEST_2495,388.75095
TEST_2496,768.80164
TEST_2497,105.29086
TEST_2498,390.44708
TEST_2499,313.51868
TEST_2500,45.55115
TEST_2501,130.3152
TEST_2502,55.18771
TEST_2503,224.00433
TEST_2504,563.9039
TEST_2505,53.495758
TEST_2506,365.88235
TEST_2507,121.05728
TEST_2508,92.21238
TEST_2509,186.60695
TEST_2510,387.07605
TEST_2511,54.523327
TEST_2512,261.3719
TEST_2513,223.05692
TEST_2514,492.418
TEST_2515,130.11537
TEST_2516,79.12918
TEST_2517,194.64565
TEST_2518,207.73506
TEST_2519,64.42649
TEST_2520,473.6958
TEST_2521,24.182121
TEST_2522,143.87917
TEST_2523,471.11392
TEST_2524,234.80917
TEST_2525,33.910797
TEST_2526,569.45764
TEST_2527,482.57462
TEST_2528,676.5426
TEST_2529,214.63237
TEST_2530,126.39359
TEST_2531,297.00702
TEST_2532,547.0332
TEST_2533,46.73668
TEST_2534,123.69237
TEST_2535,28.388222
TEST_2536,42.882973
TEST_2537,46.810234
TEST_2538,800.3228
TEST_2539,69.12365
TEST_2540,369.72568
TEST_2541,131.68286
TEST_2542,229.86078
TEST_2543,171.66307
TEST_2544,200.06761
TEST_2545,456.9259
TEST_2546,316.8061
TEST_2547,187.22455
TEST_2548,669.1071
TEST_2549,100.57531
TEST_2550,85.68217
TEST_2551,334.51056
TEST_2552,55.347412
TEST_2553,319.37625
TEST_2554,54.008774
TEST_2555,368.87445
TEST_2556,119.063705
TEST_2557,74.99784
TEST_2558,796.2838
TEST_2559,18.606527
TEST_2560,63.13821
TEST_2561,17.134916
TEST_2562,2101.2705
TEST_2563,167.64536
TEST_2564,261.16357
TEST_2565,61.64857
TEST_2566,42.82202
TEST_2567,398.39648
TEST_2568,62.82885
TEST_2569,39.24762
TEST_2570,182.02162
TEST_2571,335.35883
TEST_2572,37.299442
TEST_2573,691.456
TEST_2574,662.6601
TEST_2575,642.5317
TEST_2576,286.37308
TEST_2577,187.04802
TEST_2578,52.812782
TEST_2579,391.72888
TEST_2580,66.423294
TEST_2581,62.303505
TEST_2582,410.6369
TEST_2583,77.74487
TEST_2584,27.927517
TEST_2585,197.03276
TEST_2586,54.008774
TEST_2587,346.9992
TEST_2588,199.94623
TEST_2589,398.14154
TEST_2590,153.01518
TEST_2591,97.49732
TEST_2592,186.11978
TEST_2593,339.7857
TEST_2594,108.94491
TEST_2595,52.86301
TEST_2596,186.56113
TEST_2597,562.8469
TEST_2598,118.17572
TEST_2599,1111.1853
TEST_2600,346.23947
TEST_2601,113.724014
TEST_2602,157.93774
TEST_2603,413.7805
TEST_2604,530.80725
TEST_2605,54.523327
TEST_2606,174.59885
TEST_2607,108.48603
TEST_2608,47.76217
TEST_2609,242.79721
TEST_2610,54.523327
TEST_2611,40.473495
TEST_2612,32.813484
TEST_2613,126.46917
TEST_2614,397.61124
TEST_2615,50.294327
TEST_2616,57.945995
TEST_2617,52.257484
TEST_2618,173.9326
TEST_2619,137.77692
TEST_2620,710.8775
TEST_2621,156.81607
TEST_2622,91.097595
TEST_2623,176.53796
TEST_2624,297.3241
TEST_2625,1060.3094
TEST_2626,1046.4961
TEST_2627,181.01752
TEST_2628,54.008774
TEST_2629,80.350746
TEST_2630,148.92696
TEST_2631,219.30476
TEST_2632,51.11159
TEST_2633,256.3583
TEST_2634,416.4365
TEST_2635,1773.4062
TEST_2636,412.24466
TEST_2637,521.2498
TEST_2638,229.31445
TEST_2639,157.70474
TEST_2640,63.89785
TEST_2641,108.10073
TEST_2642,738.00385
TEST_2643,245.92354
TEST_2644,138.84923
TEST_2645,207.23744
TEST_2646,17.77513
TEST_2647,473.6958
TEST_2648,268.60904
TEST_2649,361.41568
TEST_2650,187.52963
TEST_2651,196.37682
TEST_2652,745.6873
TEST_2653,393.59772
TEST_2654,42.882973
TEST_2655,569.85364
TEST_2656,200.34306
TEST_2657,201.84503
TEST_2658,594.6603
TEST_2659,672.0223
TEST_2660,315.57114
TEST_2661,458.31213
TEST_2662,54.523327
TEST_2663,96.81301
TEST_2664,138.18239
TEST_2665,229.81792
TEST_2666,37.777607
TEST_2667,133.83972
TEST_2668,607.2669
TEST_2669,112.3784
TEST_2670,214.76912
TEST_2671,365.39743
TEST_2672,60.307274
TEST_2673,146.49142
TEST_2674,97.70007
TEST_2675,335.23938
TEST_2676,65.8084
TEST_2677,63.89785
TEST_2678,43.169083
TEST_2679,387.66483
TEST_2680,1353.3236
TEST_2681,65.8084
TEST_2682,68.778534
TEST_2683,108.48603
TEST_2684,105.30547
TEST_2685,177.5338
TEST_2686,196.16412
TEST_2687,31.528728
TEST_2688,116.12587
TEST_2689,211.41656
TEST_2690,48.382446
TEST_2691,229.31445
TEST_2692,214.39369
TEST_2693,188.13026
TEST_2694,178.14706
TEST_2695,594.8777
TEST_2696,514.8377
TEST_2697,48.81966
TEST_2698,16.06647
TEST_2699,1158.3871
TEST_2700,196.15494
TEST_2701,102.19513
TEST_2702,216.36589
TEST_2703,349.09076
TEST_2704,42.873028
TEST_2705,226.0873
TEST_2706,225.41504
TEST_2707,248.14476
TEST_2708,370.56924
TEST_2709,388.6759
TEST_2710,243.63028
TEST_2711,201.59818
TEST_2712,332.67044
TEST_2713,36.429173
TEST_2714,166.43988
TEST_2715,187.51288
TEST_2716,167.87268
TEST_2717,325.9394
TEST_2718,73.513176
TEST_2719,75.759125
TEST_2720,233.63574
TEST_2721,362.97653
TEST_2722,104.61215
TEST_2723,214.70285
TEST_2724,220.69533
TEST_2725,105.724236
TEST_2726,48.60789
TEST_2727,109.9722
TEST_2728,179.34724
TEST_2729,52.66007
TEST_2730,79.79115
TEST_2731,239.4097
TEST_2732,389.1901
TEST_2733,398.3239
TEST_2734,85.115875
TEST_2735,338.4734
TEST_2736,60.354298
TEST_2737,337.57693
TEST_2738,355.35226
TEST_2739,154.97562
TEST_2740,499.46085
TEST_2741,525.35297
TEST_2742,696.9969
TEST_2743,297.3241
TEST_2744,133.83972
TEST_2745,176.76529
TEST_2746,175.94043
TEST_2747,517.39484
TEST_2748,63.998753
TEST_2749,44.926006
TEST_2750,42.82202
TEST_2751,55.347412
TEST_2752,412.64526
TEST_2753,537.7423
TEST_2754,38.653988
TEST_2755,156.91187
TEST_2756,112.05994
TEST_2757,644.6148
TEST_2758,272.10245
TEST_2759,642.30853
TEST_2760,383.4916
TEST_2761,182.02162
TEST_2762,38.653988
TEST_2763,216.8082
TEST_2764,47.76217
TEST_2765,840.8874
TEST_2766,261.10187
TEST_2767,302.0606
TEST_2768,156.15207
TEST_2769,211.53937
TEST_2770,176.18587
TEST_2771,174.72728
TEST_2772,342.01343
TEST_2773,42.04523
TEST_2774,437.75507
TEST_2775,239.44836
TEST_2776,243.78088
TEST_2777,250.41023
TEST_2778,1695.3281
TEST_2779,31.655535
TEST_2780,192.45674
TEST_2781,952.90076
TEST_2782,431.00888
TEST_2783,97.91489
TEST_2784,208.41649
TEST_2785,422.64792
TEST_2786,25.811901
TEST_2787,60.354298
TEST_2788,421.6779
TEST_2789,100.75017
TEST_2790,343.62772
TEST_2791,233.65921
TEST_2792,468.56628
TEST_2793,211.91771
TEST_2794,59.28214
TEST_2795,652.9625
TEST_2796,200.14453
TEST_2797,376.20593
TEST_2798,101.58102
TEST_2799,67.97851
TEST_2800,240.9548
TEST_2801,257.14294
TEST_2802,49.21855
TEST_2803,440.18796
TEST_2804,93.88283
TEST_2805,44.5704
TEST_2806,150.66139
TEST_2807,426.102
TEST_2808,384.7021
TEST_2809,213.1528
TEST_2810,249.14275
TEST_2811,570.71704
TEST_2812,54.523327
TEST_2813,215.168
TEST_2814,334.6902
TEST_2815,62.23964
TEST_2816,150.52214
TEST_2817,54.523327
TEST_2818,73.16405
TEST_2819,55.94678
TEST_2820,56.240173
TEST_2821,179.54628
TEST_2822,334.19897
TEST_2823,42.873028
TEST_2824,120.53015
TEST_2825,824.8956
TEST_2826,511.969
TEST_2827,957.0317
TEST_2828,122.69698
TEST_2829,889.8725
TEST_2830,45.55115
TEST_2831,182.02162
TEST_2832,225.1637
TEST_2833,146.08292
TEST_2834,245.40962
TEST_2835,171.1435
TEST_2836,426.102
TEST_2837,102.078285
TEST_2838,435.03247
TEST_2839,210.07419
TEST_2840,305.8261
TEST_2841,130.11537
TEST_2842,1060.4524
TEST_2843,159.50314
TEST_2844,378.0843
TEST_2845,116.69832
TEST_2846,368.0949
TEST_2847,383.4916
TEST_2848,79.45724
TEST_2849,484.73044
TEST_2850,157.70474
TEST_2851,416.1428
TEST_2852,235.06259
TEST_2853,194.9097
TEST_2854,55.71154
TEST_2855,57.14506
TEST_2856,669.1071
TEST_2857,195.3876
TEST_2858,270.15753
TEST_2859,214.70285
TEST_2860,236.01718
TEST_2861,426.8295
TEST_2862,52.223583
TEST_2863,297.69086
TEST_2864,145.68669
TEST_2865,30.246885
TEST_2866,192.64229
TEST_2867,251.0982
TEST_2868,85.71983
TEST_2869,119.063705
TEST_2870,65.259445
TEST_2871,395.132
TEST_2872,206.4168
TEST_2873,537.2657
TEST_2874,936.06305
TEST_2875,63.89785
TEST_2876,51.94416
TEST_2877,1102.8059
TEST_2878,450.39642
TEST_2879,43.169083
TEST_2880,457.31
TEST_2881,39.567867
TEST_2882,331.19846
TEST_2883,147.09396
TEST_2884,70.96854
TEST_2885,379.66763
TEST_2886,477.66757
TEST_2887,422.1536
TEST_2888,194.57152
TEST_2889,29.41548
TEST_2890,907.3327
TEST_2891,138.59106
TEST_2892,184.67471
TEST_2893,307.36072
TEST_2894,237.556
TEST_2895,721.83105
TEST_2896,199.07512
TEST_2897,225.7383
TEST_2898,197.0475
TEST_2899,88.054504
TEST_2900,335.4757
TEST_2901,312.2025
TEST_2902,32.813484
TEST_2903,181.01752
TEST_2904,322.402
TEST_2905,120.94892
TEST_2906,979.1037
TEST_2907,414.99472
TEST_2908,100.091835
TEST_2909,168.14864
TEST_2910,855.5286
TEST_2911,233.57095
TEST_2912,170.38127
TEST_2913,61.712055
TEST_2914,796.1453
TEST_2915,156.73637
TEST_2916,860.4083
TEST_2917,43.7303
TEST_2918,255.6368
TEST_2919,62.782246
TEST_2920,207.71146
TEST_2921,210.03381
TEST_2922,412.899
TEST_2923,465.03036
TEST_2924,25.194323
TEST_2925,238.86667
TEST_2926,282.16617
TEST_2927,182.98021
TEST_2928,144.3133
TEST_2929,246.24226
TEST_2930,182.98021
TEST_2931,109.9722
TEST_2932,313.83258
TEST_2933,182.85976
TEST_2934,57.981964
TEST_2935,802.3179
TEST_2936,43.7303
TEST_2937,194.9097
TEST_2938,26.747301
TEST_2939,124.91011
TEST_2940,31.528728
TEST_2941,271.9522
TEST_2942,521.67334
TEST_2943,607.2209
TEST_2944,260.3985
TEST_2945,353.60077
TEST_2946,114.41195
TEST_2947,392.16486
TEST_2948,386.57492
TEST_2949,210.23695
TEST_2950,189.92491
TEST_2951,1378.7594
TEST_2952,162.8217
TEST_2953,40.08242
TEST_2954,54.523327
TEST_2955,610.4646
TEST_2956,922.4732
TEST_2957,322.402
TEST_2958,226.25722
TEST_2959,913.33154
TEST_2960,708.10895
TEST_2961,88.054504
TEST_2962,490.477
TEST_2963,1175.714
TEST_2964,190.80632
TEST_2965,369.1839
TEST_2966,66.79883
TEST_2967,48.290794
TEST_2968,486.0234
TEST_2969,132.98566
TEST_2970,88.054504
TEST_2971,778.6777
TEST_2972,596.2836
TEST_2973,231.50087
TEST_2974,55.296803
TEST_2975,161.56416
TEST_2976,678.4538
TEST_2977,31.232676
TEST_2978,795.8742
TEST_2979,103.103676
TEST_2980,184.05804
TEST_2981,48.382446
TEST_2982,526.50226
TEST_2983,178.7952
TEST_2984,1139.3855
TEST_2985,128.33862
TEST_2986,170.26186
TEST_2987,371.89758
TEST_2988,61.64857
TEST_2989,272.80392
TEST_2990,55.252834
TEST_2991,1236.9678
TEST_2992,227.16345
TEST_2993,54.008774
TEST_2994,50.294327
TEST_2995,130.76237
TEST_2996,110.64243
TEST_2997,218.584
TEST_2998,1677.0033
TEST_2999,167.78651
TEST_3000,93.6705
TEST_3001,256.27484
TEST_3002,255.64142
TEST_3003,31.181665
TEST_3004,985.6425
TEST_3005,70.25288
TEST_3006,41.034634
TEST_3007,-28.94938
TEST_3008,43.450153
TEST_3009,470.33258
TEST_3010,345.2467
TEST_3011,108.45337
TEST_3012,335.4757
TEST_3013,89.06841
TEST_3014,969.76575
TEST_3015,197.17616
TEST_3016,131.03212
TEST_3017,826.91095
TEST_3018,61.64857
TEST_3019,100.03199
TEST_3020,691.5705
TEST_3021,202.07446
TEST_3022,16.670412
TEST_3023,383.4916
TEST_3024,319.7973
TEST_3025,196.46216
TEST_3026,435.03247
TEST_3027,343.74716
TEST_3028,46.618187
TEST_3029,211.96935
TEST_3030,181.73166
TEST_3031,42.873028
TEST_3032,341.9604
TEST_3033,234.0763
TEST_3034,181.00194
TEST_3035,148.41864
TEST_3036,229.81409
TEST_3037,32.181778
TEST_3038,102.19513
TEST_3039,211.65042
TEST_3040,67.30344
TEST_3041,206.78757
TEST_3042,42.882973
TEST_3043,101.54655
TEST_3044,470.33258
TEST_3045,207.80965
TEST_3046,264.70706
TEST_3047,942.5643
TEST_3048,78.499565
TEST_3049,71.94388
TEST_3050,93.408745
TEST_3051,177.9734
TEST_3052,115.08838
TEST_3053,539.3321
TEST_3054,1360.8491
TEST_3055,391.92245
TEST_3056,297.47687
TEST_3057,480.33615
TEST_3058,383.24872
TEST_3059,52.092678
TEST_3060,54.523327
TEST_3061,244.2671
TEST_3062,232.59065
TEST_3063,175.82101
TEST_3064,48.805832
TEST_3065,273.2437
TEST_3066,358.14777
TEST_3067,62.28198
TEST_3068,78.439186
TEST_3069,175.76237
TEST_3070,658.2157
TEST_3071,202.27316
TEST_3072,130.11537
TEST_3073,337.7539
TEST_3074,119.43398
TEST_3075,94.71767
TEST_3076,133.04318
TEST_3077,471.99338
TEST_3078,99.30925
TEST_3079,33.910797
TEST_3080,206.78757
TEST_3081,66.93717
TEST_3082,325.14728
TEST_3083,228.21599
TEST_3084,860.4083
TEST_3085,1059.62
TEST_3086,485.66995
TEST_3087,26.686361
TEST_3088,186.2392
TEST_3089,27.517958
TEST_3090,331.09766
TEST_3091,80.728455
TEST_3092,200.10129
TEST_3093,691.9653
TEST_3094,889.3302
TEST_3095,96.85737
TEST_3096,401.2999
TEST_3097,42.82202
TEST_3098,757.2728
TEST_3099,302.7813
TEST_3100,160.2548
TEST_3101,51.94416
TEST_3102,78.45258
TEST_3103,232.5899
TEST_3104,86.12046
TEST_3105,232.9718
TEST_3106,60.07641
TEST_3107,111.17218
TEST_3108,45.55115
TEST_3109,218.42792
TEST_3110,194.64565
TEST_3111,111.99817
TEST_3112,46.305634
TEST_3113,343.84238
TEST_3114,133.01448
TEST_3115,430.48404
TEST_3116,215.2367
TEST_3117,45.504707
TEST_3118,319.37347
TEST_3119,100.738045
TEST_3120,539.81445
TEST_3121,167.64536
TEST_3122,67.88054
TEST_3123,240.81207
TEST_3124,458.3541
TEST_3125,-14.074283
TEST_3126,195.48978
TEST_3127,62.02829
TEST_3128,108.35287
TEST_3129,54.104572
TEST_3130,156.93794
TEST_3131,335.41357
TEST_3132,71.4831
TEST_3133,179.34724
TEST_3134,98.16064
TEST_3135,96.91138
TEST_3136,297.3241
TEST_3137,286.32513
TEST_3138,254.64317
TEST_3139,132.16046
TEST_3140,43.074554
TEST_3141,53.837383
TEST_3142,402.50983
TEST_3143,145.78024
TEST_3144,25.581636
TEST_3145,1247.6823
TEST_3146,424.6464
TEST_3147,219.83673
TEST_3148,291.6081
TEST_3149,62.51355
TEST_3150,-6.6645236
TEST_3151,55.70354
TEST_3152,182.33246
TEST_3153,65.77122
TEST_3154,352.93564
TEST_3155,65.927826
TEST_3156,27.033419
TEST_3157,97.28669
TEST_3158,177.91797
TEST_3159,129.03343
TEST_3160,618.1738
TEST_3161,227.4311
TEST_3162,97.49699
TEST_3163,54.523327
TEST_3164,286.40573
TEST_3165,527.3473
TEST_3166,80.7111
TEST_3167,245.1346
TEST_3168,183.30025
TEST_3169,320.73404
TEST_3170,148.86673
TEST_3171,167.8433
TEST_3172,286.14447
TEST_3173,1117.2802
TEST_3174,93.53026
TEST_3175,184.73647
TEST_3176,340.25546
TEST_3177,191.56793
TEST_3178,596.4031
TEST_3179,104.034546
TEST_3180,193.99754
TEST_3181,667.65533
TEST_3182,971.4546
TEST_3183,50.294327
TEST_3184,54.104572
TEST_3185,54.523327
TEST_3186,157.79343
TEST_3187,118.67487
TEST_3188,106.47723
TEST_3189,519.7992
TEST_3190,386.5136
TEST_3191,62.794956
TEST_3192,45.181114
TEST_3193,61.64857
TEST_3194,342.99475
TEST_3195,277.6112
TEST_3196,103.54243
TEST_3197,225.1637
TEST_3198,402.8484
TEST_3199,728.21674
TEST_3200,39.996086
TEST_3201,287.36545
TEST_3202,356.55972
TEST_3203,51.103893
TEST_3204,156.96632
TEST_3205,202.03917
TEST_3206,37.578197
TEST_3207,53.883488
TEST_3208,140.40887
TEST_3209,57.945995
TEST_3210,82.093636
TEST_3211,256.8108
TEST_3212,249.02779
TEST_3213,770.72833
TEST_3214,62.82885
TEST_3215,207.14622
TEST_3216,43.29589
TEST_3217,70.96854
TEST_3218,97.70007
TEST_3219,162.22758
TEST_3220,105.30547
TEST_3221,365.58917
TEST_3222,65.68488
TEST_3223,503.3957
TEST_3224,341.82428
TEST_3225,484.84988
TEST_3226,212.06802
TEST_3227,481.04666
TEST_3228,457.8411
TEST_3229,42.873028
TEST_3230,165.26227
TEST_3231,662.57806
TEST_3232,32.58491
TEST_3233,197.16039
TEST_3234,32.62896
TEST_3235,202.61047
TEST_3236,40.5478
TEST_3237,434.50262
TEST_3238,231.89214
TEST_3239,669.1071
TEST_3240,177.49112
TEST_3241,426.44742
TEST_3242,483.73343
TEST_3243,54.523327
TEST_3244,312.68747
TEST_3245,797.73315
TEST_3246,75.71713
TEST_3247,376.55917
TEST_3248,352.35022
TEST_3249,288.15735
TEST_3250,48.382446
TEST_3251,734.9753
TEST_3252,96.438965
TEST_3253,83.71265
TEST_3254,86.17127
TEST_3255,103.4992
TEST_3256,393.83624
TEST_3257,156.97496
TEST_3258,48.42125
TEST_3259,317.05035
TEST_3260,38.521873
TEST_3261,350.8404
TEST_3262,149.40363
TEST_3263,211.96935
TEST_3264,960.0978
TEST_3265,48.6871
TEST_3266,122.69698
TEST_3267,49.636204
TEST_3268,255.96938
TEST_3269,1277.0259
TEST_3270,958.76306
TEST_3271,33.276245
TEST_3272,414.36807
TEST_3273,192.64229
TEST_3274,69.84306
TEST_3275,388.0105
TEST_3276,212.34676
TEST_3277,423.3081
TEST_3278,788.649
TEST_3279,78.57784
TEST_3280,41.89914
TEST_3281,84.98341
TEST_3282,41.53063
TEST_3283,194.9097
TEST_3284,40.48153
TEST_3285,1066.3137
TEST_3286,331.35437
TEST_3287,55.41433
TEST_3288,680.80096
TEST_3289,66.79883
TEST_3290,195.3876
TEST_3291,185.9894
TEST_3292,78.439186
TEST_3293,430.8406
TEST_3294,54.008774
TEST_3295,47.517242
TEST_3296,791.88605
TEST_3297,583.2278
TEST_3298,690.19293
TEST_3299,666.3463
TEST_3300,206.90889
TEST_3301,343.74588
TEST_3302,80.95854
TEST_3303,373.30585
TEST_3304,61.64857
TEST_3305,292.27472
TEST_3306,214.32411
TEST_3307,337.7539
TEST_3308,195.48547
TEST_3309,197.63188
TEST_3310,178.7952
TEST_3311,167.99129
TEST_3312,179.54628
TEST_3313,96.91138
TEST_3314,458.78085
TEST_3315,84.75923
TEST_3316,77.95481
TEST_3317,65.27392
TEST_3318,156.97496
TEST_3319,383.46616
TEST_3320,796.47925
TEST_3321,93.02631
TEST_3322,343.74716
TEST_3323,186.97612
TEST_3324,34.68675
TEST_3325,108.48603
TEST_3326,362.946
TEST_3327,462.57626
TEST_3328,218.74875
TEST_3329,438.04355
TEST_3330,56.942207
TEST_3331,402.15042
TEST_3332,182.98021
TEST_3333,59.28214
TEST_3334,100.70415
TEST_3335,224.39453
TEST_3336,368.75323
TEST_3337,220.69533
TEST_3338,457.42673
TEST_3339,66.52119
TEST_3340,691.2612
TEST_3341,316.72214
TEST_3342,385.19095
TEST_3343,54.523327
TEST_3344,311.28677
TEST_3345,124.477165
TEST_3346,177.8119
TEST_3347,263.82782
TEST_3348,51.11159
TEST_3349,54.523327
TEST_3350,184.7166
TEST_3351,59.11712
TEST_3352,394.99826
TEST_3353,174.47943
TEST_3354,257.88403
TEST_3355,86.53874
TEST_3356,372.87952
TEST_3357,50.008232
TEST_3358,294.26978
TEST_3359,58.25586
TEST_3360,263.82782
TEST_3361,196.74286
TEST_3362,657.5708
TEST_3363,42.547253
TEST_3364,128.18384
TEST_3365,320.8535
TEST_3366,58.768955
TEST_3367,255.94615
TEST_3368,133.83972
TEST_3369,245.89435
TEST_3370,245.50328
TEST_3371,242.2757
TEST_3372,188.02136
TEST_3373,328.14532
TEST_3374,168.15
TEST_3375,90.02614
TEST_3376,98.24878
TEST_3377,1400.2056
TEST_3378,977.9327
TEST_3379,190.8782
TEST_3380,-65.82888
TEST_3381,54.008774
TEST_3382,54.523327
TEST_3383,176.76529
TEST_3384,356.18933
TEST_3385,606.32983
TEST_3386,105.29086
TEST_3387,234.86903
TEST_3388,174.59583
TEST_3389,37.578197
TEST_3390,108.81171
TEST_3391,101.076836
TEST_3392,31.528728
TEST_3393,207.841
TEST_3394,281.35516
TEST_3395,149.4562
TEST_3396,424.90762
TEST_3397,327.72302
TEST_3398,39.471233
TEST_3399,178.25339
TEST_3400,66.81775
TEST_3401,79.79115
TEST_3402,186.60695
TEST_3403,138.46136
TEST_3404,73.513176
TEST_3405,327.51584
TEST_3406,256.61978
TEST_3407,388.6759
TEST_3408,169.47462
TEST_3409,139.75171
TEST_3410,57.095
TEST_3411,244.97945
TEST_3412,39.970657
TEST_3413,64.22344
TEST_3414,64.25014
TEST_3415,215.868
TEST_3416,176.18587
TEST_3417,296.2704
TEST_3418,534.177
TEST_3419,115.7739
TEST_3420,135.7777
TEST_3421,176.60385
TEST_3422,358.51773
TEST_3423,78.439186
TEST_3424,64.42649
TEST_3425,143.87917
TEST_3426,187.66287
TEST_3427,24.38834
TEST_3428,122.68837
TEST_3429,386.84424
TEST_3430,50.008232
TEST_3431,199.62495
TEST_3432,207.30086
TEST_3433,715.0791
TEST_3434,885.0387
TEST_3435,200.72665
TEST_3436,98.7045
TEST_3437,-2.3988318
TEST_3438,70.25288
TEST_3439,252.70592
TEST_3440,226.52885
TEST_3441,165.95413
TEST_3442,1744.3171
TEST_3443,195.48598
TEST_3444,42.882973
TEST_3445,49.631134
TEST_3446,196.16412
TEST_3447,62.744247
TEST_3448,139.97676
TEST_3449,122.66554
TEST_3450,43.499508
TEST_3451,387.42426
TEST_3452,42.36842
TEST_3453,108.826454
TEST_3454,346.9992
TEST_3455,36.770245
TEST_3456,76.55627
TEST_3457,189.1212
TEST_3458,206.94315
TEST_3459,163.57033
TEST_3460,49.54194
TEST_3461,245.1346
TEST_3462,133.59258
TEST_3463,79.06493
TEST_3464,315.24442
TEST_3465,188.89825
TEST_3466,176.76529
TEST_3467,94.10656
TEST_3468,124.56194
TEST_3469,-2.3988318
TEST_3470,207.78128
TEST_3471,391.86407
TEST_3472,255.56789
TEST_3473,192.64229
TEST_3474,121.1489
TEST_3475,522.0594
TEST_3476,208.10251
TEST_3477,184.29349
TEST_3478,7.9454923
TEST_3479,382.96072
TEST_3480,112.3784
TEST_3481,62.719597
TEST_3482,11.241658
TEST_3483,765.1805
TEST_3484,569.0757
TEST_3485,52.180645
TEST_3486,130.52084
TEST_3487,163.36397
TEST_3488,688.791
TEST_3489,45.55115
TEST_3490,97.28669
TEST_3491,191.51962
TEST_3492,482.08548
TEST_3493,302.05673
TEST_3494,94.3631
TEST_3495,619.54877
TEST_3496,107.687935
TEST_3497,177.82175
TEST_3498,491.4573
TEST_3499,98.33181
TEST_3500,96.318306
TEST_3501,984.7863
TEST_3502,211.51163
TEST_3503,724.6662
TEST_3504,220.69533
TEST_3505,45.69211
TEST_3506,126.031105
TEST_3507,45.55115
TEST_3508,393.59772
TEST_3509,421.71875
TEST_3510,75.77893
TEST_3511,173.64043
TEST_3512,55.71154
TEST_3513,66.79883
TEST_3514,88.981834
TEST_3515,173.9326
TEST_3516,244.62437
TEST_3517,68.49358
TEST_3518,302.2298
TEST_3519,191.3022
TEST_3520,174.59885
TEST_3521,547.6662
TEST_3522,51.63644
TEST_3523,243.65613
TEST_3524,93.53185
TEST_3525,119.32949
TEST_3526,118.733955
TEST_3527,36.611755
TEST_3528,245.1346
TEST_3529,18.097351
TEST_3530,90.857635
TEST_3531,371.24368
TEST_3532,402.34555
TEST_3533,244.0672
TEST_3534,40.028572
TEST_3535,37.804688
TEST_3536,78.439186
TEST_3537,49.41191
TEST_3538,221.99539
TEST_3539,660.357
TEST_3540,15.3930645
TEST_3541,430.8406
TEST_3542,495.90845
TEST_3543,91.097595
TEST_3544,31.181665
TEST_3545,1276.2805
TEST_3546,37.594456
TEST_3547,218.584
TEST_3548,273.54178
TEST_3549,35.601097
TEST_3550,51.94416
TEST_3551,140.31717
TEST_3552,210.23695
TEST_3553,510.57343
TEST_3554,130.11537
TEST_3555,185.86842
TEST_3556,90.919495
TEST_3557,170.38127
TEST_3558,242.79721
TEST_3559,251.2243
TEST_3560,38.159325
TEST_3561,213.48442
TEST_3562,60.06161
TEST_3563,48.713943
TEST_3564,186.11978
TEST_3565,30.46037
TEST_3566,45.109486
TEST_3567,370.3007
TEST_3568,1142.3313
TEST_3569,470.32748
TEST_3570,402.53558
TEST_3571,44.926006
TEST_3572,215.42021
TEST_3573,192.75685
TEST_3574,230.50697
TEST_3575,479.4798
TEST_3576,344.42017
TEST_3577,318.52814
TEST_3578,71.91445
TEST_3579,209.012
TEST_3580,165.35474
TEST_3581,241.25528
TEST_3582,273.96454
TEST_3583,186.2392
TEST_3584,652.46344
TEST_3585,200.72665
TEST_3586,51.11159
TEST_3587,187.22455
TEST_3588,74.86946
TEST_3589,170.91252
TEST_3590,268.49567
TEST_3591,122.225204
TEST_3592,104.40068
TEST_3593,70.46249
TEST_3594,54.87713
TEST_3595,39.15832
TEST_3596,34.245834
TEST_3597,175.94043
TEST_3598,210.27164
TEST_3599,1141.9592
TEST_3600,39.996086
TEST_3601,35.48244
TEST_3602,170.80853
TEST_3603,291.6081
TEST_3604,213.78542
TEST_3605,183.80133
TEST_3606,96.318306
TEST_3607,186.18372
TEST_3608,205.99718
TEST_3609,74.8588
TEST_3610,29.41548
TEST_3611,399.29654
TEST_3612,609.4069
TEST_3613,425.26395
TEST_3614,1271.1785
TEST_3615,294.06534
TEST_3616,150.70247
TEST_3617,105.724236
TEST_3618,329.86383
TEST_3619,196.26483
TEST_3620,62.23964
TEST_3621,335.29413
TEST_3622,365.32404
TEST_3623,50.369896
TEST_3624,51.63644
TEST_3625,29.910915
TEST_3626,121.80746
TEST_3627,395.132
TEST_3628,315.79422
TEST_3629,707.4308
TEST_3630,267.20416
TEST_3631,35.48244
TEST_3632,185.7728
TEST_3633,68.525215
TEST_3634,256.01575
TEST_3635,70.46249
TEST_3636,89.22021
TEST_3637,173.65623
TEST_3638,673.981
TEST_3639,549.4703
TEST_3640,96.39958
TEST_3641,172.70674
TEST_3642,282.27832
TEST_3643,217.26855
TEST_3644,653.0107
TEST_3645,206.37477
TEST_3646,50.980225
TEST_3647,127.19488
TEST_3648,53.883488
TEST_3649,86.290695
TEST_3650,65.992
TEST_3651,114.948265
TEST_3652,145.77036
TEST_3653,941.5721
TEST_3654,1167.6151
TEST_3655,597.1914
TEST_3656,289.72836
TEST_3657,267.56323
TEST_3658,193.62677
TEST_3659,1243.2043
TEST_3660,181.73166
TEST_3661,424.32602
TEST_3662,272.2959
TEST_3663,531.84644
TEST_3664,112.586525
TEST_3665,384.15796
TEST_3666,43.169083
TEST_3667,1283.9181
TEST_3668,196.6716
TEST_3669,243.61214
TEST_3670,66.423294
TEST_3671,108.826454
TEST_3672,694.62244
TEST_3673,184.26057
TEST_3674,88.350494
TEST_3675,93.63165
TEST_3676,24.90978
TEST_3677,144.2333
TEST_3678,1018.6366
TEST_3679,311.62836
TEST_3680,105.21129
TEST_3681,52.223583
TEST_3682,84.41475
TEST_3683,186.2392
TEST_3684,28.067802
TEST_3685,108.94588
TEST_3686,117.17056
TEST_3687,129.16824
TEST_3688,33.06108
TEST_3689,344.5038
TEST_3690,65.951965
TEST_3691,442.36844
TEST_3692,360.38068
TEST_3693,706.9294
TEST_3694,425.5399
TEST_3695,474.52097
TEST_3696,335.86642
TEST_3697,249.28664
TEST_3698,181.00194
TEST_3699,417.70215
TEST_3700,48.290794
TEST_3701,168.30011
TEST_3702,47.517242
TEST_3703,32.181778
TEST_3704,66.51747
TEST_3705,127.942894
TEST_3706,502.89578
TEST_3707,78.439186
TEST_3708,200.34306
TEST_3709,344.5038
TEST_3710,113.78857
TEST_3711,45.504707
TEST_3712,596.4697
TEST_3713,402.50983
TEST_3714,229.31445
TEST_3715,402.50983
TEST_3716,121.99284
TEST_3717,282.11093
TEST_3718,370.56924
TEST_3719,281.99808
TEST_3720,366.9991
TEST_3721,33.910797
TEST_3722,54.116787
TEST_3723,687.53674
TEST_3724,439.12772
TEST_3725,72.26954
TEST_3726,37.568993
TEST_3727,157.48476
TEST_3728,179.54628
TEST_3729,678.8106
TEST_3730,462.75632
TEST_3731,298.3739
TEST_3732,216.57564
TEST_3733,46.860912
TEST_3734,276.56232
TEST_3735,63.3989
TEST_3736,71.560394
TEST_3737,54.523327
TEST_3738,259.3134
TEST_3739,146.37712
TEST_3740,149.40363
TEST_3741,63.89785
TEST_3742,173.64043
TEST_3743,259.3134
TEST_3744,23.842081
TEST_3745,607.15955
TEST_3746,603.29285
TEST_3747,626.0293
TEST_3748,51.71541
TEST_3749,924.9806
TEST_3750,133.59258
TEST_3751,59.47911
TEST_3752,538.74066
TEST_3753,269.8524
TEST_3754,953.2191
TEST_3755,188.56445
TEST_3756,186.86197
TEST_3757,16.867765
TEST_3758,52.86301
TEST_3759,65.927826
TEST_3760,294.11136
TEST_3761,296.3262
TEST_3762,61.64857
TEST_3763,482.87317
TEST_3764,54.008774
TEST_3765,94.40979
TEST_3766,174.92635
TEST_3767,276.68176
TEST_3768,82.93007
TEST_3769,122.69698
TEST_3770,15.2068405
TEST_3771,55.70354
TEST_3772,62.02829
TEST_3773,0.6660294
TEST_3774,189.87679
TEST_3775,64.42649
TEST_3776,390.35135
TEST_3777,44.926006
TEST_3778,198.6886
TEST_3779,322.402
TEST_3780,675.51514
TEST_3781,45.790817
TEST_3782,28.262335
TEST_3783,123.42259
TEST_3784,289.72488
TEST_3785,187.23125
TEST_3786,206.48615
TEST_3787,143.58263
TEST_3788,177.15462
TEST_3789,112.3784
TEST_3790,463.4034
TEST_3791,670.65027
TEST_3792,361.96838
TEST_3793,73.9753
TEST_3794,181.9022
TEST_3795,924.9806
TEST_3796,252.76054
TEST_3797,49.21855
TEST_3798,69.80855
TEST_3799,220.69533
TEST_3800,1.9716262
TEST_3801,706.73
TEST_3802,200.10129
TEST_3803,179.43436
TEST_3804,373.88962
TEST_3805,134.81413
TEST_3806,218.42792
TEST_3807,478.54468
TEST_3808,51.63644
TEST_3809,213.90483
TEST_3810,365.39706
TEST_3811,57.14506
TEST_3812,670.00464
TEST_3813,391.23456
TEST_3814,465.1498
TEST_3815,54.523327
TEST_3816,651.27277
TEST_3817,152.60344
TEST_3818,-24.980389
TEST_3819,176.38101
TEST_3820,113.31312
TEST_3821,50.008232
TEST_3822,186.56113
TEST_3823,1080.7743
TEST_3824,201.88455
TEST_3825,56.240173
TEST_3826,82.08765
TEST_3827,51.63644
TEST_3828,233.05263
TEST_3829,338.40387
TEST_3830,226.27272
TEST_3831,147.14792
TEST_3832,54.951874
TEST_3833,31.528728
TEST_3834,54.008774
TEST_3835,367.07776
TEST_3836,210.36992
TEST_3837,207.05035
TEST_3838,189.61375
TEST_3839,242.79721
TEST_3840,329.8045
TEST_3841,245.1346
TEST_3842,310.76163
TEST_3843,61.64857
TEST_3844,49.073917
TEST_3845,73.41452
TEST_3846,575.1288
TEST_3847,367.37866
TEST_3848,71.94763
TEST_3849,117.52787
TEST_3850,191.062
TEST_3851,387.8463
TEST_3852,188.97083
TEST_3853,272.80392
TEST_3854,373.88962
TEST_3855,38.38766
TEST_3856,94.11247
TEST_3857,113.22136
TEST_3858,239.71683
TEST_3859,168.55571
TEST_3860,429.92102
TEST_3861,179.78899
TEST_3862,107.687935
TEST_3863,710.23047
TEST_3864,218.03403
TEST_3865,24.90978
TEST_3866,704.9055
TEST_3867,410.6369
TEST_3868,273.44586
TEST_3869,194.6592
TEST_3870,192.27159
TEST_3871,190.43555
TEST_3872,862.05756
TEST_3873,178.36981
TEST_3874,54.008774
TEST_3875,505.04187
TEST_3876,140.40887
TEST_3877,205.85971
TEST_3878,189.6797
TEST_3879,141.02768
TEST_3880,179.12633
TEST_3881,405.34872
TEST_3882,166.70372
TEST_3883,96.45131
TEST_3884,313.33267
TEST_3885,236.52707
TEST_3886,784.89087
TEST_3887,188.02136
TEST_3888,43.169083
TEST_3889,93.53026
TEST_3890,102.17708
TEST_3891,86.141266
TEST_3892,66.79883
TEST_3893,882.4876
TEST_3894,135.73096
TEST_3895,220.69533
TEST_3896,209.05498
TEST_3897,360.02505
TEST_3898,112.22184
TEST_3899,40.60509
TEST_3900,28.268366
TEST_3901,420.9904
TEST_3902,121.1489
TEST_3903,489.45422
TEST_3904,367.50012
TEST_3905,239.2289
TEST_3906,86.31298
TEST_3907,1219.0798
TEST_3908,288.3351
TEST_3909,103.9086
TEST_3910,930.7933
TEST_3911,383.4916
TEST_3912,137.42868
TEST_3913,1084.1478
TEST_3914,385.4827
